vol_acidity,tot_sulf_d,density,sulph,alcohol,class
0.961576,-0.379014,0.5581,-0.579025,-0.959946,Low
1.966827,0.624168,0.028252,0.12891,-0.584594,Low
1.29666,0.228975,0.134222,-0.048074,-0.584594,Low
-1.384011,0.411372,0.664069,-0.461036,-0.584594,High
0.961576,-0.379014,0.5581,-0.579025,-0.959946,Low
0.738187,-0.196617,0.5581,-0.579025,-0.959946,Low
0.403103,0.380972,-0.183687,-1.168972,-0.959946,Low
0.682339,-0.774207,-1.137414,-1.109977,-0.396918,High
0.291408,-0.865405,0.028252,-0.520031,-0.866108,High
0.291408,0.563369,-0.448611,-0.697015,-1.147622,Low
0.486874,0.380972,-1.296368,-0.815004,-0.490756,Low
-1.384011,1.718548,0.081237,0.541872,0.072271,High
0.347256,-0.531011,0.346161,-0.932993,-1.335297,Low
-1.719094,0.411372,0.028252,-0.756009,-0.959946,High
-0.76969,0.745766,0.770039,-0.048074,-0.678432,Low
-0.546301,-0.287816,-0.077718,1.485786,-0.866108,Low
-0.211217,0.624168,0.028252,-0.756009,-0.959946,Low
-0.713843,-0.196617,0.028252,-0.166063,-0.678432,High
-0.76969,-0.713408,-0.66055,-0.579025,-1.053784,Low
-0.657996,-1.078202,-0.289657,-0.402042,-0.866108,Low
-0.546301,-0.287816,-0.077718,1.485786,-0.866108,Low
1.017423,-0.348615,0.240191,-0.63802,-0.959946,Low
0.654416,-0.926204,-0.183687,-0.402042,-0.584594,High
0.821958,1.08016,-0.501596,-0.697015,-0.303081,Low
0.877805,-0.287816,-0.077718,-0.520031,0.166109,High
0.710263,2.022543,-0.077718,0.010921,-0.584594,Low
-1.160621,0.107377,-0.554581,-0.63802,-1.147622,Low
0.403103,-0.956604,0.399145,-0.343047,0.353785,High
-0.825538,-0.500612,0.028252,0.423883,-0.678432,High
0.45895,-0.014221,0.45213,-0.873998,-1.053784,Low
0.738187,-0.713408,0.028252,3.19663,-0.115405,Low
0.794034,-1.078202,-0.289657,-0.815004,-0.866108,Low
-0.043675,0.563369,-1.773231,-0.579025,2.512056,Low
2.273987,2.052942,0.134222,0.423883,-1.147622,Low
-1.328163,-0.287816,0.081237,-0.461036,-0.866108,Low
-0.713843,-1.047802,-0.501596,-0.579025,-1.147622,Low
-1.216469,1.505752,-0.713535,-0.461036,-1.147622,Low
0.738187,-0.713408,0.187206,0.482878,-1.147622,Low
-0.043675,-0.956604,-0.607566,-0.166063,-0.959946,High
-0.15537,-0.987003,-0.66055,-0.107068,-0.959946,High
-0.825538,2.20494,0.134222,-0.579025,-0.959946,Low
-0.099523,0.806565,-0.66055,-0.166063,-0.209243,High
0.514797,-0.04462,0.5581,-0.756009,-0.866108,Low
-0.602148,-1.108601,0.187206,-0.166063,-0.77227,Low
0.347256,0.228975,0.399145,-0.402042,-0.396918,Low
-0.76969,-0.014221,-0.289657,-0.697015,-0.959946,High
-0.713843,0.168176,0.664069,-0.107068,-1.147622,Low
0.905729,1.992144,0.028252,0.305894,-1.053784,Low
-0.043675,-0.348615,0.028252,-0.225058,-0.866108,High
1.157041,0.228975,-0.077718,-0.520031,-0.584594,Low
1.101194,-1.078202,-0.289657,-1.581934,0.447623,Low
1.101194,-1.078202,-0.289657,-1.581934,0.447623,Low
-0.043675,-0.227017,0.028252,-0.461036,-0.77227,Low
0.989499,-0.956604,-0.289657,-0.461036,0.259947,Low
-1.160621,0.563369,0.081237,0.777851,0.259947,Low
0.989499,-0.835006,-0.289657,1.721765,0.072271,High
0.570645,-0.59181,-0.024733,-0.697015,-0.866108,High
0.794034,1.505752,-0.289657,-1.050982,-0.866108,Low
0.905729,1.444953,-0.342642,-1.050982,-0.866108,Low
0.821958,-0.105419,0.45213,-0.756009,-1.147622,Low
-1.160621,1.110559,0.876009,0.954835,-0.77227,Low
-0.657996,-0.135818,0.981978,0.010921,0.072271,Low
-0.657996,-0.135818,0.981978,0.010921,0.072271,Low
1.436278,-0.500612,-0.077718,-0.63802,0.259947,High
1.240812,1.019361,-0.501596,-0.815004,-0.303081,Low
0.542721,2.20494,0.240191,2.724673,-1.241459,Low
-0.434607,-0.956604,-0.501596,-0.579025,-1.147622,Low
-0.15537,0.806565,0.134222,-0.520031,-1.241459,Low
-1.272316,0.441771,-0.448611,0.718856,-0.115405,High
0.123866,-0.196617,-0.342642,-0.402042,-0.303081,Low
-0.211217,-0.470212,-0.077718,-0.107068,-0.77227,Low
-0.76969,2.387336,0.5581,3.31462,-0.866108,Low
0.514797,-0.683009,0.5581,-0.756009,-1.335297,Low
-0.043675,2.843328,-0.183687,-0.697015,-0.866108,Low
-0.211217,-0.470212,-0.077718,-0.107068,-0.77227,Low
2.748689,1.171358,-1.561292,-1.050982,0.072271,Low
0.403103,1.809747,-1.879201,-0.343047,2.32438,High
1.380431,-0.713408,-0.130702,-0.579025,0.259947,Low
-0.15537,-0.743808,-0.236672,-0.166063,-1.147622,Low
2.078522,-1.108601,-0.024733,-0.579025,-0.584594,Low
0.095943,-0.348615,0.240191,-0.402042,-1.335297,High
0.45895,0.107377,0.240191,-0.284052,-0.209243,High
-0.15537,-0.743808,-0.448611,-0.579025,-0.021567,High
0.095943,-0.348615,0.240191,-0.402042,-1.335297,High
0.263485,0.563369,-0.024733,-0.873998,-1.147622,Low
-0.211217,-0.318215,-0.395626,-1.050982,-0.959946,Low
0.263485,0.563369,-0.024733,-0.873998,-1.147622,Low
0.570645,0.53297,0.081237,0.777851,-1.053784,Low
-1.104774,1.019361,0.45213,0.836846,-0.77227,High
1.436278,3.238521,0.081237,0.187905,-1.053784,Low
0.179714,0.016179,-0.183687,1.603776,-0.866108,Low
0.514797,1.870546,-0.183687,0.010921,-0.584594,Low
0.403103,1.961744,-0.183687,0.010921,-0.584594,Low
-1.216469,-0.014221,1.087948,0.069915,-0.678432,High
0.179714,0.016179,-0.183687,1.603776,-0.866108,Low
-0.713843,0.472171,-0.077718,-0.166063,0.072271,High
0.068019,-0.196617,0.5581,-0.284052,-0.396918,High
0.179714,-0.561411,0.134222,-0.932993,-0.959946,High
0.123866,0.289774,-0.289657,-0.343047,0.447623,High
0.905729,1.292956,-0.448611,-0.697015,-1.147622,High
0.123866,0.289774,-0.289657,-0.343047,0.447623,High
0.933652,-1.017403,0.664069,-0.815004,-1.147622,Low
1.017423,-0.379014,0.45213,-0.756009,-0.866108,Low
-0.15537,1.688149,-0.395626,-1.050982,-0.866108,Low
0.514797,1.323355,0.876009,0.246899,-0.959946,Low
4.479955,-1.047802,-0.183687,-0.991988,0.447623,Low
4.479955,-1.047802,-0.183687,-1.050982,0.447623,Low
0.347256,-0.926204,-0.289657,1.544781,0.072271,High
-0.825538,-0.835006,-0.66055,-0.520031,-0.959946,Low
1.212889,2.660932,0.028252,0.010921,-0.959946,Low
-0.15537,1.596951,-1.614277,-0.166063,2.418218,Low
-0.15537,1.596951,-1.614277,-0.166063,2.418218,Low
-0.15537,-0.62221,-0.819505,-0.461036,-0.584594,High
2.860384,-0.531011,-0.448611,-0.63802,-0.490756,High
1.212889,0.50257,-0.130702,0.954835,-0.77227,Low
1.045347,0.168176,0.028252,0.659862,-0.866108,Low
-0.630072,-0.04462,0.240191,-0.107068,-1.147622,Low
0.179714,1.779347,-0.289657,-0.697015,-0.866108,Low
0.179714,1.870546,-0.289657,-0.697015,-0.866108,Low
1.212889,0.50257,-0.130702,0.954835,-0.77227,Low
1.045347,0.168176,0.028252,0.659862,-0.866108,Low
-1.048927,0.50257,-2.726957,0.777851,3.356597,High
-0.76969,-0.804607,-0.713535,-0.461036,-0.959946,Low
-1.048927,0.50257,-2.726957,0.777851,3.356597,High
0.794034,2.873728,0.028252,-0.225058,-0.959946,Low
0.849881,1.444953,-1.243383,-0.815004,-0.396918,Low
-0.211217,-0.500612,-0.448611,-0.461036,-0.209243,High
-0.713843,-0.105419,0.399145,-0.284052,0.072271,High
-1.104774,-1.078202,-0.501596,-0.756009,-0.115405,High
0.403103,1.596951,-0.925474,-0.697015,-0.303081,Low
0.403103,1.596951,-0.925474,-0.697015,-0.303081,Low
0.849881,-0.743808,0.081237,-0.932993,-1.053784,Low
0.403103,1.201758,0.028252,-0.520031,-1.053784,High
2.357758,-0.804607,-0.448611,-0.579025,-0.77227,Low
0.849881,-0.804607,-0.130702,2.488695,-1.147622,Low
0.012172,-0.470212,-0.183687,-0.579025,-0.396918,High
0.570645,1.505752,-0.342642,-0.225058,-0.866108,Low
0.626492,1.657749,-0.607566,-0.815004,-0.209243,Low
0.123866,-0.135818,-0.607566,-1.050982,-1.335297,Low
0.570645,-0.07502,-0.76652,-0.63802,-0.021567,High
1.994751,-1.1694,0.240191,-1.935902,-1.241459,Low
-0.602148,-0.865405,0.240191,-0.284052,-1.147622,High
-0.602148,-0.865405,0.240191,-0.284052,-1.147622,High
0.514797,-0.135818,-0.342642,-0.520031,1.01065,High
-0.825538,-0.348615,-0.342642,-1.109977,-0.866108,Low
-0.15537,0.076978,-0.501596,0.718856,-0.866108,Low
-0.825538,-0.348615,-0.342642,-1.109977,-0.866108,Low
-0.043675,-0.257416,0.240191,-0.284052,0.072271,High
1.547972,-0.804607,0.081237,-0.579025,-0.77227,Low
0.45895,-0.135818,0.081237,-0.402042,-0.866108,Low
0.45895,-0.135818,0.081237,-0.402042,-0.866108,Low
1.129118,-0.135818,0.240191,-0.815004,-1.053784,Low
0.45895,0.563369,0.187206,-0.461036,-1.053784,Low
0.514797,0.472171,0.134222,-0.461036,-1.053784,High
-1.216469,1.171358,0.187206,-0.756009,-0.678432,Low
-0.76969,0.624168,0.240191,-0.63802,-1.147622,Low
0.989499,-0.62221,0.45213,-0.991988,-0.678432,Low
-0.15537,2.934527,0.028252,-0.63802,-0.866108,Low
-0.211217,2.964926,0.028252,-0.63802,-0.866108,Low
-0.15537,2.448135,0.45213,-0.225058,-0.959946,Low
-0.881385,0.076978,0.346161,-0.225058,-0.584594,High
0.570645,2.417736,0.081237,-0.284052,-0.866108,Low
0.123866,-0.561411,-0.183687,-0.63802,-0.678432,Low
0.123866,-0.561411,-0.183687,-0.63802,-0.678432,Low
0.347256,2.235339,0.028252,-0.697015,-0.959946,Low
0.291408,0.259374,0.028252,-0.402042,-0.209243,Low
-1.272316,-0.59181,0.717054,1.839754,-0.303081,High
1.715514,1.414554,-2.303079,1.131819,2.418218,High
3.13962,-0.470212,-1.031444,-1.345955,0.916812,Low
-1.160621,-0.683009,0.107729,0.954835,-0.115405,High
-0.881385,2.995326,0.399145,2.193722,-1.053784,Low
-0.15537,0.076978,-0.687043,0.777851,-0.866108,Low
-0.602148,-0.227017,-0.342642,-0.63802,-1.147622,Low
-0.546301,-0.287816,-0.316149,-0.579025,-1.147622,High
-1.272316,-0.561411,1.405857,0.659862,0.353785,High
-1.272316,-0.561411,1.405857,0.659862,0.353785,High
0.235561,2.235339,-0.263164,-0.756009,-1.053784,Low
-0.490454,1.475353,-0.077718,0.069915,-0.959946,Low
-1.272316,-0.835006,0.664069,1.308802,0.072271,High
0.012172,-0.835006,-0.475104,1.190813,1.855191,High
1.101194,0.472171,0.054744,-0.579025,-0.396918,High
-0.490454,-0.956604,0.664069,0.069915,-0.209243,High
0.235561,0.563369,-0.448611,-1.345955,-0.303081,Low
1.157041,-0.166218,0.346161,0.305894,-0.584594,High
0.542721,0.076978,-0.289657,-0.520031,0.54146,Low
1.101194,-0.166218,-0.024733,-0.63802,-1.241459,Low
-0.211217,-0.07502,-0.554581,-0.697015,-0.678432,Low
0.012172,2.964926,-0.10421,-0.343047,-0.866108,Low
-1.048927,0.350573,-0.183687,-0.402042,-0.959946,High
0.012172,0.776165,-0.554581,-0.520031,-0.959946,Low
0.45895,-1.108601,-0.793012,-0.343047,-0.866108,Low
0.654416,-0.561411,0.743547,-0.343047,-0.396918,High
0.598568,0.259374,0.372653,-0.520031,-0.021567,Low
-0.546301,0.50257,-0.316149,-0.461036,0.072271,High
1.631743,-0.713408,0.876009,-0.166063,-0.584594,Low
-0.546301,0.50257,-0.316149,-0.461036,0.072271,High
-0.043675,-0.287816,0.054744,-0.932993,0.54146,Low
-0.267065,1.809747,-2.144125,-0.225058,1.667515,High
-0.825538,0.076978,-0.263164,-0.815004,-0.490756,High
-0.881385,0.350573,0.664069,0.246899,-0.77227,High
-0.043675,-0.287816,0.054744,-0.932993,0.54146,Low
2.636995,-0.287816,0.054744,-0.63802,-1.335297,High
0.570645,-0.257416,0.00176,-0.461036,-1.335297,High
0.570645,-0.257416,0.00176,-0.461036,-1.335297,High
0.654416,-0.227017,0.00176,-0.461036,-1.147622,High
0.570645,-0.257416,0.00176,-0.461036,-1.335297,High
2.636995,-0.287816,0.054744,-0.63802,-1.335297,High
-0.825538,-0.683009,1.326379,0.305894,0.447623,High
0.291408,1.900945,-0.581073,-0.991988,-0.584594,High
-1.774942,-0.683009,1.750258,1.072824,-1.147622,High
-1.774942,-0.683009,1.750258,1.072824,-1.147622,High
0.738187,-0.713408,0.823024,1.780759,-0.490756,High
0.849881,0.137777,0.054744,-0.815004,-0.866108,Low
0.403103,0.806565,-0.236672,-1.227966,-1.053784,Low
0.012172,-0.227017,-0.316149,-1.050982,-0.584594,High
0.738187,-0.713408,0.823024,1.780759,-0.490756,High
-1.160621,-0.287816,0.928993,0.718856,-0.396918,High
0.403103,-0.379014,0.240191,0.246899,-0.490756,High
-0.993079,-0.774207,0.981978,-0.756009,0.072271,Low
1.380431,1.201758,-0.448611,-0.402042,-0.866108,Low
0.403103,-0.379014,0.240191,0.246899,-0.490756,High
0.235561,2.20494,0.00176,-0.520031,-1.053784,Low
-1.048927,-1.017403,0.664069,-0.225058,-1.147622,Low
0.933652,0.289774,0.028252,0.069915,-1.147622,Low
-1.216469,-0.409414,1.538319,0.836846,0.072271,High
-1.104774,-0.04462,-0.263164,-0.048074,-1.053784,Low
2.497376,0.624168,-0.581073,-0.343047,-0.959946,Low
-0.043675,-0.348615,-0.528088,-0.520031,-0.396918,Low
-0.881385,0.076978,-0.236672,0.069915,-1.053784,Low
0.179714,-0.59181,1.670781,1.249808,0.447623,Low
-1.495705,-1.108601,0.028252,0.364889,-0.209243,High
1.91098,0.441771,1.856227,0.364889,-0.584594,Low
-0.993079,-0.287816,0.293176,1.190813,2.230543,High
0.068019,-0.59181,1.034963,1.485786,-0.959946,High
-1.942483,-0.713408,1.511826,1.839754,-0.303081,High
0.095943,0.441771,-0.130702,0.069915,0.259947,High
-1.942483,-0.713408,1.511826,1.839754,-0.303081,High
-0.881385,0.563369,1.379364,0.718856,-0.303081,Low
1.045347,-0.257416,0.319668,-0.107068,-0.959946,Low
0.095943,0.441771,-0.130702,0.069915,0.259947,High
0.068019,-0.59181,1.034963,1.485786,-0.959946,High
-1.942483,-0.713408,1.511826,1.839754,-0.303081,High
-1.495705,-0.835006,0.981978,0.954835,-1.053784,High
-0.043675,0.198576,0.187206,-0.520031,-1.241459,Low
0.347256,0.745766,1.803243,0.305894,-0.584594,Low
0.347256,0.745766,1.803243,0.305894,-0.584594,Low
-0.434607,0.076978,1.564811,0.600867,-0.115405,High
-0.713843,0.198576,-0.024733,0.246899,-0.115405,High
-0.043675,0.076978,0.45213,1.190813,0.166109,High
-0.602148,1.566551,2.253613,1.721765,-1.147622,Low
-0.043675,0.076978,0.45213,1.190813,0.166109,High
0.123866,0.046578,1.405857,-0.107068,-0.115405,High
-0.937232,-0.926204,-0.183687,-0.343047,-0.303081,High
-1.048927,0.198576,2.465552,0.89584,-0.866108,High
-0.15537,-0.59181,1.77675,-0.107068,-0.866108,Low
1.687591,0.715366,0.717054,-0.815004,-0.490756,Low
0.570645,-0.531011,0.955486,0.423883,-0.77227,Low
0.682339,-0.470212,1.352872,0.836846,-0.678432,Low
0.794034,-0.409414,0.902501,0.305894,-0.77227,Low
0.012172,-0.07502,-0.130702,-0.402042,0.259947,High
-1.942483,-0.956604,0.293176,-0.107068,-0.303081,High
0.989499,-0.561411,1.405857,0.364889,-0.396918,Low
0.682339,1.323355,0.293176,-0.815004,-1.147622,Low
0.012172,-0.652609,1.617796,-0.402042,-1.053784,High
0.514797,0.228975,-0.077718,-0.815004,-0.959946,Low
-1.328163,-0.500612,0.028252,-0.756009,-0.866108,High
0.012172,-0.652609,1.617796,-0.402042,-1.053784,High
0.012172,1.779347,-0.395626,-0.697015,-0.959946,High
-0.378759,1.566551,0.743547,-0.166063,-0.866108,High
-0.322912,2.691331,0.45213,-0.756009,-0.959946,Low
-0.937232,0.776165,-0.157195,0.12891,0.54146,Low
-0.993079,0.198576,-0.289657,-0.048074,0.54146,High
0.179714,1.384154,1.511826,-0.048074,-0.303081,Low
1.352507,0.836964,1.008471,-0.107068,-0.021567,High
0.738187,0.380972,1.140933,0.305894,1.01065,High
1.352507,0.836964,1.008471,-0.107068,-0.021567,High
0.738187,0.380972,1.140933,0.305894,1.01065,High
0.45895,1.232157,1.591303,-0.225058,-0.678432,Low
0.514797,-0.865405,0.319668,-0.166063,-1.053784,Low
0.347256,0.806565,1.193917,0.246899,-0.866108,High
0.012172,-0.987003,0.5581,0.482878,1.01065,High
-0.490454,-1.017403,0.664069,1.013829,1.01065,Low
-1.439858,-0.774207,1.829735,0.069915,-0.678432,High
-0.378759,-0.956604,0.717054,-0.225058,-0.866108,Low
-0.937232,-0.166218,0.664069,0.010921,1.949029,High
-0.937232,-0.166218,0.664069,0.010921,1.949029,High
0.291408,2.052942,0.293176,-0.697015,-0.959946,High
0.179714,-0.07502,-0.501596,-0.815004,0.54146,Low
0.682339,-0.257416,-0.236672,0.482878,1.198326,High
0.933652,-0.774207,1.299887,1.072824,1.667515,High
-0.546301,-0.926204,-1.031444,0.246899,1.949029,High
-0.546301,0.350573,0.346161,-0.107068,-0.115405,Low
-0.211217,1.596951,2.147644,2.016738,1.01065,High
-1.048927,-0.774207,1.723765,3.078641,-1.147622,High
-0.602148,-0.865405,0.240191,1.249808,0.822974,High
-0.76969,-0.987003,0.770039,0.541872,-0.584594,High
-0.76969,-0.987003,0.770039,0.541872,-0.584594,High
0.235561,-0.439813,2.041674,0.718856,0.259947,High
0.877805,0.50257,0.611085,0.89584,-0.490756,Low
1.60382,-0.379014,-0.66055,1.367797,1.761353,High
-0.211217,-0.956604,0.981978,1.603776,1.479839,High
0.179714,-0.014221,0.611085,1.544781,-0.396918,High
1.436278,-0.561411,1.405857,1.190813,-0.959946,High
0.794034,-0.379014,1.935704,1.898749,-0.490756,High
1.492125,-0.62221,1.405857,1.013829,-0.959946,High
0.76611,-0.835006,0.346161,0.423883,-1.053784,Low
-1.774942,3.603315,-2.938897,-0.402042,1.386002,High
1.240812,-0.439813,-0.66055,-0.284052,2.230543,High
-0.657996,0.259374,1.77675,1.308802,0.54146,Low
-0.602148,-0.531011,0.134222,0.541872,1.198326,High
-0.546301,-0.713408,1.723765,1.131819,-0.021567,High
-0.825538,-0.166218,2.253613,0.12891,-0.584594,High
0.961576,1.04976,0.293176,0.246899,-0.959946,Low
-0.434607,0.107377,0.770039,1.485786,-0.490756,High
0.291408,-0.287816,1.299887,-0.579025,-0.396918,Low
-0.378759,-0.956604,1.087948,1.249808,-0.209243,Low
-0.602148,-0.774207,0.611085,1.603776,1.292164,High
0.263485,-0.683009,1.723765,0.187905,-1.335297,Low
-1.439858,-0.865405,-0.289657,2.783668,1.479839,High
1.324583,0.50257,0.399145,0.718856,-0.490756,Low
-1.6074,-0.652609,-0.024733,1.249808,-1.616811,High
-1.384011,-0.014221,-0.024733,2.252716,0.166109,High
0.123866,0.776165,-0.448611,-0.166063,-1.147622,Low
-0.657996,0.016179,2.465552,0.89584,0.353785,High
0.068019,-0.956604,0.876009,1.013829,1.292164,High
-0.434607,0.016179,1.88272,2.665679,0.54146,High
-1.439858,-0.865405,-0.289657,2.783668,1.479839,High
-0.602148,0.411372,0.611085,0.246899,0.353785,High
-1.495705,-0.59181,0.346161,0.836846,-0.959946,High
-0.630072,-0.105419,2.465552,0.836846,-0.396918,High
-1.495705,-0.59181,0.346161,0.836846,-0.959946,High
-1.495705,-0.59181,0.346161,0.836846,-0.959946,High
-0.099523,0.228975,0.664069,0.482878,-1.147622,Low
0.570645,-0.287816,0.611085,0.600867,-0.678432,High
0.068019,0.046578,0.717054,0.482878,-1.147622,High
0.738187,-0.135818,0.240191,-0.697015,-0.77227,High
-0.378759,0.198576,0.717054,0.482878,-1.147622,High
-0.825538,0.076978,0.770039,0.246899,-0.396918,High
1.799285,1.262557,-2.303079,0.954835,2.32438,High
-0.630072,-0.105419,2.465552,0.836846,-0.396918,High
-0.881385,-0.62221,0.664069,-0.873998,-0.866108,Low
0.76611,1.475353,0.134222,-0.697015,-1.241459,Low
0.403103,-0.652609,1.564811,-0.520031,-0.490756,Low
-0.881385,-0.257416,1.935704,-0.343047,2.418218,High
0.347256,0.076978,1.087948,-0.048074,0.54146,High
0.347256,0.076978,1.087948,-0.048074,0.54146,High
1.324583,-0.135818,-0.236672,-0.63802,-0.959946,Low
-1.495705,-0.257416,-0.978459,-1.109977,0.353785,High
-0.267065,0.53297,1.723765,-0.284052,0.072271,High
0.403103,-0.166218,1.405857,-0.166063,0.072271,High
0.905729,-0.59181,0.346161,-0.284052,-1.241459,Low
-1.216469,-0.652609,-0.077718,0.600867,-0.303081,High
-0.490454,-0.561411,0.717054,-0.048074,0.353785,High
-0.76969,-0.500612,1.511826,-0.166063,0.353785,High
-0.378759,0.076978,0.717054,-0.520031,-0.77227,Low
-0.546301,1.201758,1.034963,-0.225058,-0.866108,High
-0.434607,0.958562,1.034963,-0.225058,-0.866108,Low
1.157041,0.928163,-0.077718,-0.107068,-1.053784,Low
-0.043675,2.296138,0.770039,-0.284052,-0.866108,Low
-0.267065,-0.804607,0.134222,0.010921,1.198326,High
0.291408,2.356937,-0.607566,-1.050982,0.072271,Low
-0.825538,-0.804607,1.511826,0.600867,-0.021567,High
1.352507,0.168176,0.45213,0.12891,-0.490756,Low
0.179714,0.624168,0.240191,0.423883,1.292164,High
1.743438,0.046578,-0.819505,-0.579025,1.761353,High
2.413606,0.411372,-0.66055,-1.286961,0.447623,Low
-1.6074,-0.683009,0.5581,1.426792,0.54146,High
2.413606,0.411372,-0.66055,-1.286961,0.447623,Low
1.743438,0.046578,-0.819505,-0.579025,1.761353,High
0.794034,0.046578,-0.978459,-0.991988,0.916812,High
1.408354,-0.439813,1.087948,-0.579025,0.166109,High
-0.043675,-0.500612,0.5581,-0.343047,-1.053784,Low
1.743438,-0.348615,1.564811,-0.343047,-0.021567,High
-1.6074,-0.683009,0.5581,1.426792,0.54146,High
0.123866,0.593769,0.346161,-0.579025,-1.147622,Low
-0.881385,-0.683009,-0.501596,-0.048074,2.230543,High
-0.76969,-0.865405,1.935704,-0.991988,-0.866108,Low
-0.657996,0.228975,1.511826,1.367797,-0.490756,High
-0.76969,-0.865405,1.935704,-0.991988,-0.866108,Low
0.794034,0.472171,-0.501596,-0.579025,-0.209243,High
-0.434607,-0.743808,0.981978,0.010921,0.729136,High
-0.657996,0.228975,1.511826,1.367797,-0.490756,High
0.514797,0.107377,-0.87249,-0.343047,-1.053784,Low
-1.216469,-0.531011,1.034963,0.954835,-0.584594,High
-0.713843,-0.59181,1.087948,0.12891,0.822974,High
-0.490454,-0.835006,-0.236672,-0.166063,1.104488,High
0.235561,-0.59181,-1.773231,1.072824,1.949029,High
1.157041,-0.470212,0.981978,-0.579025,-0.303081,High
-0.825538,0.776165,1.511826,0.423883,0.072271,Low
-0.267065,-0.926204,0.028252,0.364889,0.729136,Low
0.012172,-0.59181,-0.024733,-0.579025,-0.209243,High
-0.76969,-0.348615,1.405857,-0.284052,0.353785,High
-0.76969,-0.348615,1.405857,-0.284052,0.353785,High
0.179714,-0.348615,0.028252,-0.166063,-0.396918,High
-1.104774,-0.743808,1.617796,0.482878,0.729136,High
-1.663247,0.624168,-0.819505,-0.166063,0.635298,Low
0.347256,-0.743808,0.981978,-0.461036,-0.115405,Low
0.570645,0.563369,1.087948,-0.461036,-0.77227,Low
-1.104774,-0.743808,1.617796,0.482878,0.729136,High
0.291408,0.016179,2.147644,-0.520031,-1.335297,Low
-0.546301,-0.713408,0.45213,-0.284052,0.822974,High
0.486874,-0.835006,0.770039,-0.284052,-1.053784,Low
-1.495705,-0.652609,0.134222,-0.284052,1.292164,Low
0.738187,2.508934,0.240191,-0.756009,-1.335297,Low
-1.188545,-0.956604,1.034963,0.246899,-1.147622,High
-1.328163,-0.62221,2.041674,1.485786,-0.678432,Low
-0.15537,0.137777,0.770039,0.364889,1.01065,High
-0.378759,-0.865405,-1.084429,0.777851,3.356597,High
-0.937232,-0.774207,1.723765,-0.225058,-1.147622,High
1.631743,0.046578,-0.819505,-0.461036,-0.584594,Low
-1.160621,0.016179,1.511826,-0.284052,0.166109,Low
0.068019,0.168176,0.134222,0.305894,0.916812,High
-0.881385,0.654567,1.458841,0.954835,-0.021567,High
-0.993079,-0.987003,0.187206,0.777851,0.166109,Low
-1.384011,-0.683009,0.770039,1.367797,-0.959946,High
0.849881,-0.561411,1.087948,-0.343047,-0.209243,Low
-1.439858,-0.926204,0.664069,0.246899,-0.678432,Low
-1.6074,-0.804607,0.505115,2.370706,0.54146,High
0.849881,-0.561411,1.087948,-0.343047,-0.209243,Low
0.877805,-0.470212,0.876009,0.246899,-0.303081,High
-1.272316,-0.895805,-0.183687,1.544781,1.198326,High
-0.490454,-0.683009,0.134222,0.010921,2.79357,High
0.794034,-0.895805,0.45213,-1.109977,-0.396918,Low
0.794034,-0.895805,0.45213,-1.109977,-0.396918,Low
0.654416,-0.987003,0.770039,-1.40495,-0.396918,High
-1.160621,0.624168,1.829735,1.544781,0.353785,High
-0.76969,-0.62221,0.876009,0.541872,-0.209243,High
1.380431,0.289774,0.876009,0.069915,0.166109,High
-0.657996,-0.652609,-0.819505,0.777851,2.699732,High
-0.713843,-0.59181,-0.925474,1.426792,2.79357,High
0.905729,1.04976,1.829735,0.482878,1.104488,High
-0.993079,-0.926204,0.240191,-0.048074,0.54146,High
-0.043675,-0.257416,0.876009,-0.048074,-1.335297,High
-1.048927,2.022543,-0.077718,0.777851,0.635298,Low
-0.993079,-0.926204,0.240191,-0.048074,0.54146,High
0.905729,1.04976,1.829735,0.482878,1.104488,High
-0.043675,-0.257416,0.876009,-0.048074,-1.335297,High
-1.495705,-0.683009,0.45213,2.252716,0.447623,High
-1.6074,-0.743808,0.45213,2.311711,0.353785,High
-0.211217,-0.62221,0.028252,0.718856,1.949029,High
-1.6074,-0.774207,0.45213,2.134727,0.353785,High
0.794034,-1.017403,1.723765,0.305894,-0.866108,High
0.347256,0.472171,1.405857,-0.166063,-0.209243,High
-1.328163,-0.105419,0.981978,0.12891,0.916812,High
-0.602148,-0.105419,0.5581,-0.284052,-0.866108,Low
0.347256,0.472171,1.405857,-0.166063,-0.209243,High
-0.713843,0.076978,0.664069,0.89584,-0.678432,High
-0.099523,-0.956604,0.293176,0.010921,1.292164,High
-0.099523,-0.956604,0.293176,0.010921,1.292164,High
0.403103,-0.987003,2.253613,0.482878,1.386002,High
-1.774942,-0.439813,0.240191,0.12891,1.198326,High
-0.909309,1.809747,-0.077718,0.718856,0.54146,Low
-1.551552,-0.409414,0.770039,1.426792,-0.396918,High
-0.657996,-0.105419,0.664069,-0.107068,-1.241459,Low
-0.76969,2.630532,0.611085,1.957743,-0.584594,Low
-0.713843,2.904127,0.5581,-0.63802,-0.959946,Low
-0.546301,2.113741,0.45213,-0.107068,-0.866108,Low
0.626492,0.198576,1.617796,0.069915,-0.490756,Low
-0.909309,1.809747,-0.077718,0.718856,0.54146,Low
-0.825538,1.171358,-0.289657,0.659862,0.916812,High
-0.602148,0.259374,1.087948,0.541872,-1.616811,High
0.570645,-0.409414,0.346161,-0.520031,-0.959946,Low
-1.719094,-0.561411,1.193917,1.249808,-0.115405,High
-0.825538,-0.135818,1.935704,-0.284052,-0.115405,Low
-0.825538,-0.135818,1.935704,-0.284052,-0.115405,Low
-1.439858,-0.409414,-0.607566,0.010921,2.230543,High
-0.267065,-0.439813,1.723765,-0.579025,-0.396918,High
-1.719094,-0.561411,1.193917,1.249808,-0.115405,High
0.570645,-0.409414,0.346161,-0.520031,-0.959946,Low
1.659667,-1.017403,0.240191,0.659862,0.259947,High
0.347256,0.016179,1.087948,0.069915,-0.77227,Low
1.045347,-0.804607,-0.077718,-0.402042,-0.490756,Low
0.738187,0.198576,1.352872,0.364889,0.54146,High
-1.216469,-0.956604,2.147644,0.777851,-1.898325,High
-0.322912,1.809747,0.770039,-0.402042,-1.241459,Low
0.123866,-0.561411,0.823024,0.718856,-0.866108,High
-1.216469,-0.774207,1.034963,1.190813,0.259947,High
-0.993079,0.684967,1.405857,0.541872,-0.021567,High
-0.099523,-0.652609,-0.501596,-0.579025,-0.866108,High
-0.546301,-0.04462,0.664069,0.423883,-0.396918,High
-0.378759,-0.07502,0.664069,0.482878,-0.396918,High
2.860384,1.505752,-1.773231,-0.225058,1.01065,Low
0.012172,-0.895805,1.829735,-0.579025,1.198326,High
0.012172,-0.895805,1.829735,-0.579025,1.198326,High
-0.322912,0.016179,2.836446,0.12891,2.136705,High
0.403103,-0.835006,1.405857,-0.520031,0.916812,Low
-0.490454,2.265739,0.5581,-0.461036,-1.147622,Low
0.068019,1.931345,0.770039,-0.284052,-1.147622,Low
-1.328163,0.411372,0.187206,-0.284052,-0.303081,High
-0.322912,0.016179,2.836446,0.12891,2.136705,High
0.403103,-0.835006,1.405857,-0.520031,0.916812,Low
-0.937232,-0.135818,-1.137414,-0.520031,1.198326,High
-0.993079,-0.287816,1.88272,1.485786,0.54146,High
-0.937232,-0.135818,-1.137414,-0.520031,1.198326,High
-1.6074,-0.561411,0.5581,-0.284052,-0.021567,Low
0.347256,0.016179,1.246902,-0.579025,-0.77227,Low
-1.048927,0.958562,1.299887,0.246899,-0.396918,High
-1.439858,-0.014221,1.352872,0.836846,-0.209243,High
-0.15537,-0.987003,0.5581,-0.815004,-0.396918,Low
-0.490454,1.961744,0.770039,-0.343047,-0.866108,Low
-0.322912,1.931345,0.770039,-0.343047,-0.584594,Low
-1.216469,-0.196617,0.45213,-0.873998,-0.584594,High
-0.15537,-0.987003,1.829735,-1.286961,-0.77227,Low
-0.15537,-0.987003,1.829735,-1.286961,-0.77227,Low
-0.211217,-0.956604,1.723765,-1.345955,-1.147622,Low
-1.384011,-0.774207,0.45213,0.010921,-0.490756,High
-1.104774,1.019361,1.829735,0.600867,0.259947,High
-0.099523,-0.257416,0.664069,0.010921,-0.77227,High
-1.216469,0.016179,0.981978,2.134727,0.166109,High
1.129118,1.688149,-0.024733,-0.402042,-1.053784,Low
-0.602148,0.107377,-2.673973,0.482878,3.356597,High
-1.328163,-1.017403,0.45213,0.482878,0.072271,High
-0.434607,0.867364,1.034963,-0.520031,-0.678432,Low
-0.76969,3.116923,-2.409049,-0.932993,1.01065,High
-0.434607,0.867364,1.034963,-0.520031,-0.678432,Low
-0.211217,-0.105419,1.935704,-0.461036,-1.335297,Low
1.07327,-0.257416,0.5581,-0.756009,-0.866108,Low
-0.713843,-0.683009,1.405857,-0.343047,-1.053784,High
0.291408,-0.865405,0.664069,-0.166063,-0.396918,High
0.319332,-0.500612,-0.024733,-1.050982,-0.584594,High
0.347256,-0.743808,1.723765,0.246899,-1.053784,High
2.162293,-0.713408,-0.289657,-1.109977,-0.396918,Low
-0.378759,-0.348615,2.041674,-0.579025,-1.335297,High
1.715514,-0.987003,0.399145,-0.815004,-1.053784,Low
-0.378759,-0.348615,2.041674,-0.579025,-1.335297,High
0.291408,0.50257,0.876009,-0.225058,-1.241459,High
0.403103,-0.683009,0.876009,-0.402042,-1.147622,High
-0.657996,-0.804607,0.293176,0.777851,1.667515,High
-0.267065,0.168176,0.770039,-0.756009,0.072271,High
-0.937232,-0.227017,-0.607566,-0.815004,2.136705,High
-1.6074,0.320173,0.823024,-0.697015,-1.147622,Low
-0.825538,-0.926204,2.041674,-0.697015,-0.959946,Low
0.626492,-0.531011,-0.130702,-0.343047,-0.396918,High
-0.76969,-0.531011,-0.289657,0.482878,-0.584594,Low
0.403103,0.745766,1.564811,-0.520031,-0.678432,Low
0.403103,0.745766,1.564811,-0.520031,-0.678432,Low
-1.216469,-0.561411,0.770039,1.603776,-0.584594,High
-0.378759,-0.895805,2.041674,0.246899,-0.209243,Low
-0.881385,-0.926204,1.087948,0.836846,-1.053784,Low
0.068019,1.992144,0.45213,-0.284052,-0.959946,Low
0.179714,1.748948,0.45213,-0.225058,-0.959946,Low
0.291408,-0.439813,0.346161,-0.63802,-0.866108,Low
-0.099523,-0.04462,0.346161,1.780759,1.573677,High
0.403103,-0.956604,1.087948,-0.991988,-1.241459,Low
0.403103,-0.956604,1.087948,-0.991988,-1.241459,Low
0.068019,-0.470212,0.45213,-0.343047,-1.053784,High
0.877805,1.140959,-0.183687,-0.284052,-1.053784,Low
0.068019,-0.470212,0.45213,-0.343047,-1.053784,High
-1.384011,-0.835006,1.087948,-0.166063,-0.866108,Low
-0.657996,-0.105419,-0.183687,-0.520031,0.072271,High
2.273987,1.201758,2.253613,-0.107068,0.822974,Low
-0.993079,1.688149,-0.183687,-0.461036,-0.866108,Low
1.743438,-0.409414,-0.713535,-0.63802,-0.678432,Low
1.966827,3.056125,0.611085,-0.756009,-0.959946,Low
1.994751,2.995326,0.5581,-0.756009,-0.959946,Low
2.162293,-0.713408,-0.183687,-0.048074,-0.209243,High
0.068019,-0.196617,1.246902,-0.225058,-0.959946,Low
0.347256,0.654567,1.299887,-0.166063,-0.866108,Low
0.068019,-0.196617,1.246902,-0.225058,-0.959946,Low
0.347256,0.654567,1.299887,-0.166063,-0.866108,Low
0.068019,-0.196617,1.246902,-0.225058,-0.959946,Low
0.794034,-0.804607,0.240191,-0.166063,-0.303081,Low
1.771362,-0.987003,-0.024733,-0.461036,0.54146,Low
-0.267065,-0.561411,-0.183687,0.069915,0.729136,High
-0.546301,-0.439813,0.981978,-0.932993,-0.77227,Low
1.966827,3.29932,2.253613,0.069915,0.729136,Low
-1.104774,-0.500612,0.45213,-0.697015,1.479839,High
-0.322912,-0.531011,0.611085,-1.168972,-0.866108,Low
0.123866,0.198576,1.935704,-0.284052,-0.959946,Low
-0.546301,-0.439813,0.981978,-0.932993,-0.77227,Low
-0.15537,-0.135818,0.664069,0.12891,0.072271,High
-0.043675,-0.804607,0.293176,0.89584,-0.77227,High
1.743438,-1.017403,0.134222,-0.520031,0.54146,Low
-0.043675,-0.804607,0.293176,0.89584,-0.77227,High
-0.602148,-0.135818,0.5581,-0.107068,-1.335297,Low
0.235561,-0.59181,0.240191,0.246899,-0.77227,High
-1.384011,-1.017403,0.346161,0.777851,-0.209243,High
-0.713843,0.228975,1.723765,0.010921,-0.209243,Low
0.347256,0.046578,0.717054,-0.579025,-0.678432,Low
-1.048927,-0.956604,1.087948,0.010921,-1.147622,High
1.129118,-0.470212,-0.077718,-0.520031,0.54146,Low
-1.048927,-0.956604,1.087948,0.010921,-1.147622,High
-0.713843,-0.04462,-0.448611,-0.461036,-0.396918,Low
1.129118,-1.017403,0.028252,-0.815004,-0.866108,Low
3.97733,3.177722,0.664069,-0.756009,-0.866108,Low
1.129118,-1.017403,0.028252,-0.815004,-0.866108,Low
-0.713843,-0.895805,0.876009,0.069915,-1.053784,High
-0.657996,-0.470212,0.876009,-0.048074,-0.209243,Low
-0.713843,-0.895805,0.876009,0.069915,-1.053784,High
1.520049,-0.470212,0.611085,-1.050982,-0.490756,Low
1.408354,1.232157,0.823024,-0.756009,-0.396918,Low
-1.495705,0.076978,0.240191,-0.697015,-0.77227,Low
-0.546301,-0.196617,1.935704,-0.991988,-1.335297,Low
-0.434607,-0.531011,-0.289657,-0.991988,-0.209243,High
-0.378759,0.350573,0.664069,-0.697015,-0.584594,Low
1.408354,-0.956604,0.134222,-0.579025,0.822974,Low
2.5253,3.208122,0.664069,-1.050982,-0.959946,Low
1.408354,-0.956604,0.134222,-0.579025,0.822974,Low
0.682339,-0.196617,0.134222,-0.343047,-1.241459,Low
0.626492,-0.257416,1.617796,-0.402042,-0.678432,Low
0.738187,-1.139001,-0.289657,-1.109977,-0.959946,Low
3.67017,-0.987003,-0.077718,-0.697015,0.259947,Low
2.190216,1.414554,1.617796,-0.697015,-0.584594,Low
-0.267065,2.296138,0.876009,-0.225058,-0.959946,Low
-0.322912,2.387336,0.876009,-0.284052,-0.959946,Low
-0.322912,-0.07502,-2.462033,-0.225058,2.230543,High
0.682339,-0.652609,0.240191,0.069915,-0.866108,High
0.682339,-0.652609,0.240191,0.069915,-0.866108,High
0.486874,0.776165,1.77675,-0.756009,-0.678432,Low
-0.825538,-0.835006,0.981978,-0.225058,0.353785,High
2.748689,1.262557,0.876009,-0.520031,-0.303081,High
0.682339,-0.652609,0.240191,0.069915,-0.866108,High
0.626492,-0.713408,0.134222,0.069915,-0.959946,High
-0.825538,1.140959,0.240191,0.246899,-0.77227,Low
1.324583,-0.987003,0.664069,-0.697015,-0.678432,Low
1.408354,-0.835006,-0.607566,-1.109977,-0.396918,Low
-0.211217,-0.287816,-0.077718,-0.873998,0.072271,Low
0.095943,-0.348615,-0.395626,-0.284052,1.104488,High
-1.216469,-0.409414,0.823024,0.010921,-0.396918,High
2.776613,1.140959,0.928993,-0.520031,-0.303081,Low
0.207637,1.992144,1.617796,-0.284052,-0.866108,Low
0.905729,-0.409414,1.299887,-1.227966,-0.959946,Low
-0.546301,0.046578,0.45213,-1.168972,-0.959946,Low
1.184965,0.928163,0.664069,-0.873998,-0.584594,Low
-0.211217,-0.379014,-0.024733,-1.050982,-1.147622,High
-0.546301,0.046578,0.45213,-1.168972,-0.959946,Low
-0.378759,0.076978,0.028252,-0.520031,-0.396918,Low
0.179714,-0.743808,0.45213,-1.286961,-0.77227,Low
0.738187,-0.04462,0.45213,-0.697015,-0.866108,Low
0.179714,-0.743808,0.45213,-1.286961,-0.77227,Low
-0.267065,1.809747,0.770039,-0.756009,-1.147622,Low
-0.602148,0.046578,0.028252,-0.402042,-0.396918,Low
3.279239,-1.047802,-0.501596,-0.343047,0.729136,Low
0.738187,-1.017403,0.45213,-0.63802,-0.021567,Low
1.07327,0.076978,1.405857,0.364889,0.635298,High
0.235561,-1.078202,0.134222,0.12891,-0.866108,Low
0.235561,-1.078202,0.134222,0.12891,-0.866108,Low
1.883056,0.350573,-0.925474,-0.991988,2.136705,High
1.938904,-0.987003,1.405857,-0.815004,1.01065,Low
1.715514,-0.835006,-0.077718,-1.109977,-0.77227,Low
-0.434607,0.776165,0.664069,-0.343047,-0.866108,Low
0.179714,-0.227017,1.034963,-0.225058,-1.053784,Low
2.441529,-0.743808,-0.236672,-0.932993,-0.866108,Low
2.441529,-0.743808,-0.236672,-0.932993,-0.866108,Low
0.347256,0.350573,1.829735,-0.048074,-1.053784,High
-0.378759,1.748948,0.823024,-0.579025,-1.147622,Low
0.905729,-0.257416,1.193917,-0.343047,-1.053784,Low
1.29666,-0.926204,-0.130702,0.12891,1.01065,High
0.012172,2.812929,0.600488,-0.520031,-0.866108,Low
0.486874,-0.865405,0.240191,-0.048074,-1.147622,Low
-0.657996,1.657749,1.850929,-0.756009,-0.396918,Low
-0.76969,1.657749,1.77675,-0.873998,-0.866108,Low
-0.099523,-0.561411,0.494518,0.423883,-0.866108,High
-1.048927,0.320173,0.5581,-1.109977,-1.335297,High
-1.104774,0.654567,0.568697,-1.050982,-0.959946,Low
-0.15537,-0.470212,0.457429,0.364889,-0.77227,High
-0.099523,-0.561411,0.494518,0.423883,-0.866108,High
0.682339,-0.196617,0.679965,-0.63802,-0.866108,Low
0.682339,-0.196617,0.679965,-0.63802,-0.866108,Low
0.068019,0.593769,0.584592,-0.284052,-0.959946,Low
0.682339,-0.196617,0.679965,-0.63802,-0.866108,Low
2.134369,0.016179,-0.793012,-1.345955,0.259947,High
2.5253,-0.409414,-0.989056,-1.168972,0.729136,High
1.91098,-0.470212,-0.098912,-0.932993,-0.584594,Low
1.91098,-0.470212,-0.098912,-0.932993,-0.584594,Low
-0.602148,1.262557,0.785934,-0.815004,-1.147622,Low
0.291408,1.748948,0.552801,-0.520031,-0.678432,Low
0.710263,-0.348615,0.335564,-1.40495,-0.77227,Low
0.961576,-0.835006,0.13952,-0.756009,-0.396918,High
0.710263,-0.348615,0.335564,-1.40495,-0.77227,Low
0.849881,-0.07502,1.130336,-0.63802,-0.866108,High
0.794034,0.046578,1.130336,-0.697015,-0.866108,High
0.347256,0.836964,0.335564,-0.697015,-0.959946,Low
0.403103,1.566551,1.39526,-0.225058,-0.866108,Low
0.347256,1.444953,0.367355,-0.756009,-0.678432,High
1.07327,-0.439813,-0.03533,-0.697015,-0.77227,Low
0.347256,1.444953,0.367355,-0.756009,-0.678432,High
0.877805,2.934527,0.5581,-0.63802,-0.959946,Low
0.235561,2.964926,0.568697,-0.63802,-0.959946,Low
2.636995,-0.926204,-0.469805,-1.168972,-0.396918,Low
-0.546301,-0.379014,0.600488,-0.284052,0.072271,Low
-0.043675,1.384154,0.372653,-0.343047,-0.584594,Low
-0.378759,-0.287816,0.303773,-0.048074,-0.584594,Low
1.631743,1.505752,0.738248,-0.756009,-0.396918,Low
-0.378759,-0.287816,0.303773,-0.048074,-0.584594,Low
0.347256,1.171358,0.377952,-0.402042,-0.584594,Low
-0.993079,0.441771,0.770039,-0.932993,-0.866108,Low
-0.993079,0.441771,0.770039,-0.932993,-0.866108,Low
0.179714,0.350573,1.246902,-0.579025,-0.303081,High
0.179714,0.350573,1.246902,-0.579025,-0.303081,High
0.570645,2.20494,0.664069,-0.815004,-1.053784,Low
-0.881385,1.08016,0.176609,0.12891,-0.678432,High
0.626492,2.539334,0.759442,-0.697015,-0.77227,Low
0.45895,1.232157,0.372653,-0.343047,-0.678432,High
0.403103,-1.017403,-0.188986,-0.579025,0.353785,Low
-1.439858,-0.62221,-0.761221,-0.756009,1.949029,High
2.022674,0.411372,0.589891,3.078641,-0.209243,Low
-0.378759,0.53297,0.377952,0.482878,-0.77227,Low
-0.881385,-0.135818,-0.787714,0.89584,0.353785,High
-0.15537,-0.987003,1.034963,-0.815004,0.259947,High
-0.15537,-0.987003,1.034963,-0.815004,0.259947,High
0.45895,1.870546,-0.178389,-0.873998,-0.959946,Low
0.123866,-0.895805,0.319668,-1.286961,-0.396918,Low
0.319332,1.201758,-2.175915,1.66277,2.32438,High
0.179714,-0.014221,0.187206,0.010921,-0.77227,High
-0.043675,-0.865405,0.038849,-0.520031,-0.490756,High
-1.384011,-1.108601,-1.688455,0.246899,2.230543,High
-1.551552,-1.108601,-1.529501,0.305894,1.949029,High
-1.384011,-1.108601,-1.688455,0.246899,2.230543,High
-0.267065,-0.956604,0.097132,-0.63802,-0.115405,High
-0.211217,-0.987003,-0.596969,-1.109977,0.072271,Low
-0.15537,-0.683009,1.787347,0.12891,0.447623,High
-0.434607,-0.257416,0.759442,0.305894,0.353785,Low
-0.76969,-1.199799,-1.126817,-0.461036,0.916812,Low
-0.657996,-0.166218,1.400558,0.600867,0.822974,High
-0.434607,-0.257416,0.759442,0.305894,0.353785,Low
-0.099523,-0.500612,0.876009,-0.461036,0.072271,High
-1.328163,-0.59181,-0.687043,0.423883,1.386002,High
1.045347,0.016179,-0.226075,-1.227966,-0.959946,Low
0.738187,0.380972,1.596602,-0.697015,-0.77227,Low
0.877805,-0.743808,-0.363836,-0.343047,-0.678432,Low
-0.602148,-0.135818,-2.758748,0.482878,3.356597,High
0.068019,-0.318215,0.293176,-0.107068,-0.584594,Low
0.068019,-0.318215,0.293176,-0.107068,-0.584594,Low
-0.267065,-0.926204,0.038849,-0.756009,-0.115405,Low
-0.378759,-0.287816,-0.268463,-0.991988,0.259947,Low
-1.439858,-1.1694,-0.87249,-0.107068,0.54146,High
-0.378759,-0.287816,-0.268463,-0.991988,0.259947,Low
0.235561,-0.04462,-1.365248,0.482878,2.136705,High
0.45895,-0.683009,-1.582486,0.659862,0.635298,High
0.877805,-1.139001,-0.226075,-0.63802,0.447623,Low
0.45895,-0.683009,-1.582486,0.659862,0.635298,High
-0.490454,0.046578,0.833621,1.190813,-0.490756,Low
-0.322912,0.137777,0.854815,1.190813,-0.490756,Low
0.877805,-0.713408,0.102431,-1.109977,-0.959946,Low
0.76611,0.259374,-0.10421,-0.873998,-1.053784,Low
-1.384011,1.62735,-3.235611,-1.581934,1.198326,High
-1.384011,1.62735,-3.235611,-1.581934,1.198326,High
-1.216469,-0.561411,-0.014136,1.013829,0.729136,High
-0.15537,-0.62221,-0.146598,-1.109977,-0.396918,Low
-0.602148,-0.379014,0.324967,0.659862,1.573677,High
0.738187,-0.470212,-0.241971,-0.166063,-0.115405,Low
-0.15537,0.654567,0.176609,0.364889,0.447623,High
0.877805,1.384154,-0.236672,-0.225058,-0.959946,Low
-1.551552,-0.135818,-0.448611,1.013829,0.166109,High
0.626492,-0.470212,0.075938,0.010921,-0.584594,Low
0.626492,-0.470212,0.075938,0.010921,-0.584594,Low
0.849881,-0.227017,0.505115,0.246899,-0.490756,High
0.626492,-0.470212,0.075938,0.010921,-0.584594,Low
0.570645,-0.439813,0.075938,0.010921,-0.584594,Low
-0.546301,-0.743808,0.176609,-0.63802,-0.866108,Low
-0.546301,-0.743808,0.176609,-0.63802,-0.866108,Low
-0.602148,2.296138,0.669368,2.4297,-0.678432,Low
-0.937232,0.259374,-0.120105,0.423883,0.447623,High
-0.937232,0.259374,-0.120105,0.423883,0.447623,High
1.157041,-0.987003,-0.724132,0.305894,1.198326,High
-0.937232,0.259374,-0.120105,0.423883,0.447623,High
-1.495705,0.016179,-0.427417,0.718856,0.822974,High
-1.384011,-0.439813,0.060043,0.069915,0.166109,High
0.179714,-0.683009,-1.25398,0.954835,0.729136,High
0.514797,1.171358,0.377952,-0.697015,-0.866108,Low
2.692842,1.262557,-1.683157,-0.343047,1.01065,High
-0.602148,-0.652609,-0.247269,-1.286961,-0.021567,Low
0.514797,1.140959,0.377952,-0.756009,-0.678432,Low
0.514797,1.171358,0.377952,-0.697015,-0.866108,Low
0.598568,1.201758,0.388549,-0.697015,-0.678432,Low
-0.211217,-0.683009,-1.25398,1.013829,0.822974,High
-0.099523,-0.743808,-1.25398,1.072824,0.729136,High
0.179714,-0.683009,-1.25398,0.954835,0.729136,High
0.570645,-0.105419,-0.512193,-0.107068,0.447623,High
1.045347,-0.105419,-1.608978,-0.520031,1.292164,High
0.179714,-0.014221,-0.808908,-0.520031,0.166109,Low
-0.993079,0.046578,-0.52279,-0.697015,-0.396918,Low
-1.774942,-1.108601,-0.649953,-0.461036,0.635298,High
-0.825538,-1.108601,-0.056524,-0.048074,1.292164,High
-1.216469,-0.926204,-0.321448,0.777851,1.292164,High
-0.322912,-0.987003,-0.8354,-0.461036,0.447623,Low
1.045347,-0.105419,-1.608978,-0.520031,1.292164,High
0.45895,0.684967,0.595189,-0.932993,-0.396918,High
0.403103,1.262557,0.372653,-0.63802,-0.866108,Low
0.179714,-0.774207,-0.52279,-0.991988,-0.490756,Low
1.045347,-0.348615,-0.750625,-0.048074,0.916812,High
0.403103,1.262557,0.372653,-0.63802,-0.866108,Low
0.45895,0.684967,0.595189,-0.932993,-0.396918,High
1.240812,-0.500612,0.791233,-0.107068,0.072271,Low
1.520049,-0.561411,0.854815,-0.048074,-0.021567,High
-0.043675,0.289774,-0.517491,0.777851,1.573677,High
0.235561,0.53297,-0.973161,-0.579025,0.729136,High
-1.048927,0.168176,-0.52279,-0.461036,-0.303081,Low
0.738187,1.201758,0.362056,-0.520031,-0.678432,Low
-0.434607,-0.865405,0.526309,-0.048074,-1.053784,High
0.738187,1.201758,0.362056,-0.520031,-0.678432,Low
0.570645,1.262557,0.372653,-0.461036,-0.584594,High
0.347256,-0.105419,-0.66055,-0.461036,0.259947,High
-1.216469,-0.105419,-1.222189,0.659862,1.949029,High
0.347256,-0.105419,-0.66055,-0.461036,0.259947,High
-1.216469,-0.105419,-1.222189,0.659862,1.949029,High
2.748689,-1.078202,1.15153,-0.991988,0.54146,Low
-1.216469,-0.227017,-0.596969,0.187905,1.292164,Low
0.598568,-0.409414,0.324967,0.187905,0.353785,High
0.598568,-0.409414,0.324967,0.187905,0.353785,High
0.291408,2.083342,0.664069,-0.402042,-0.866108,Low
0.068019,0.958562,-0.183687,0.305894,0.54146,Low
0.179714,-1.139001,-1.031444,-0.697015,1.01065,High
-0.043675,0.441771,-0.777117,-0.402042,0.353785,High
-1.244392,-1.078202,-1.820917,-0.815004,1.01065,High
-0.825538,-1.078202,-0.517491,-0.520031,2.605894,High
-0.378759,-1.1694,-0.003539,-0.225058,1.667515,High
-0.741767,-1.108601,-0.188986,-0.107068,1.667515,High
-1.244392,-1.078202,-1.820917,-0.815004,1.01065,High
-1.188545,-1.230199,-0.861893,0.069915,1.386002,High
-0.937232,0.988961,-0.183687,0.364889,0.54146,High
0.514797,-0.014221,-0.90428,1.367797,1.292164,High
-0.657996,-0.713408,0.589891,-0.579025,0.072271,Low
-0.937232,0.988961,-0.183687,0.364889,0.54146,High
0.514797,-0.014221,-0.90428,1.367797,1.292164,High
-0.322912,-0.561411,-0.840699,0.836846,0.729136,Low
-1.719094,0.928163,-0.374433,1.249808,0.54146,High
-1.6074,0.806565,0.589891,1.426792,-0.209243,High
0.794034,0.867364,0.324967,-0.402042,-1.147622,Low
-0.322912,-0.561411,-0.840699,0.836846,0.729136,Low
-1.104774,-0.835006,-1.095026,0.423883,1.479839,High
0.45895,-0.652609,0.377952,0.423883,0.072271,Low
0.45895,-0.257416,0.388549,-0.048074,-0.584594,Low
-0.713843,0.593769,0.187206,-0.402042,-0.866108,High
0.45895,-0.257416,0.388549,-0.048074,-0.584594,Low
0.45895,-0.652609,0.377952,0.423883,0.072271,Low
-1.272316,0.776165,-0.69764,0.364889,1.292164,High
-1.272316,0.776165,-0.69764,0.364889,1.292164,High
0.570645,-0.62221,0.616383,-0.343047,-0.021567,Low
-0.825538,-0.135818,-1.688455,0.364889,2.32438,High
-0.378759,-1.078202,-1.32286,-0.697015,0.916812,Low
-1.104774,-0.652609,-0.877788,0.600867,1.855191,High
-0.546301,0.168176,0.844218,-0.107068,-0.396918,High
-0.15537,-0.04462,1.003172,-0.343047,-0.678432,High
-1.272316,-0.683009,-0.936071,-0.107068,1.573677,High
-0.490454,-0.804607,-0.575775,0.777851,0.635298,High
-0.490454,-0.683009,0.372653,1.957743,1.479839,High
-1.384011,-1.047802,-1.412934,-0.225058,1.855191,High
-2.277567,-0.774207,-0.649953,0.600867,1.386002,High
-2.277567,-0.774207,-0.649953,0.600867,1.386002,High
-2.277567,-0.774207,-0.649953,0.600867,1.386002,High
-1.384011,-1.047802,-1.412934,-0.225058,1.855191,High
-1.216469,-1.108601,-0.734729,0.12891,0.729136,High
-1.048927,-1.139001,-1.14801,0.187905,1.573677,High
-0.546301,-1.078202,-0.724132,-0.697015,1.667515,High
-1.774942,-0.713408,-0.141299,0.069915,-0.021567,Low
-0.937232,-1.108601,-0.565178,-0.225058,0.822974,High
-0.881385,0.137777,-0.326746,-0.461036,0.635298,High
0.235561,-0.318215,-0.824803,0.305894,0.822974,High
0.347256,-0.439813,0.319668,-0.284052,-0.396918,Low
-0.322912,-0.257416,-0.830102,1.131819,0.635298,High
0.179714,-0.865405,-0.438014,-0.225058,-1.053784,Low
0.235561,-0.926204,-0.109509,0.187905,-0.866108,Low
-1.439858,-0.59181,-0.681744,0.187905,0.729136,High
-0.322912,-0.257416,-0.830102,1.131819,0.635298,High
-1.048927,0.046578,-0.639356,1.190813,0.54146,High
-0.825538,-1.108601,-0.374433,-0.461036,1.386002,High
0.738187,2.022543,0.309071,-1.050982,-1.147622,Low
-0.713843,-0.014221,-1.296368,-0.343047,1.667515,High
0.179714,-0.743808,-0.030031,-0.284052,-0.209243,Low
-1.495705,-1.108601,0.261385,1.249808,0.447623,High
-1.495705,-1.108601,0.261385,1.249808,0.447623,High
-0.825538,-1.017403,-0.167792,-0.048074,1.104488,High
-1.048927,-1.047802,-0.369134,-0.166063,0.259947,Low
-0.657996,0.776165,0.134222,-0.815004,-0.959946,Low
-0.657996,0.776165,0.134222,-0.815004,-0.959946,Low
0.347256,2.20494,0.669368,-0.932993,-1.241459,Low
-0.713843,-0.531011,-1.370547,-0.991988,0.822974,High
-0.434607,-1.230199,0.081237,-0.166063,-0.021567,Low
-0.15537,-0.895805,0.526309,0.305894,0.072271,High
1.855133,-0.561411,0.197803,-0.225058,-0.396918,Low
-0.043675,0.715366,-1.35995,0.954835,2.32438,High
-0.15537,-0.895805,0.526309,0.305894,0.072271,High
-0.434607,-1.230199,0.081237,-0.166063,-0.021567,Low
0.291408,-1.078202,-0.596969,-0.461036,0.822974,High
-1.048927,-1.199799,-1.084429,-0.63802,0.916812,High
-0.937232,0.715366,0.097132,-0.932993,-0.959946,Low
-0.76969,-0.59181,-0.41682,-0.991988,-0.959946,Low
-1.30024,-0.774207,-0.62876,-0.873998,0.447623,High
-0.76969,-0.59181,-0.41682,-0.991988,-0.959946,Low
-1.048927,0.654567,0.102431,-1.050982,-0.959946,Low
-0.713843,0.016179,-0.639356,-1.050982,-0.959946,High
-1.048927,0.654567,0.102431,-1.050982,-0.959946,Low
-0.993079,1.262557,1.28929,-1.345955,-0.959946,Low
0.403103,-0.166218,0.118326,-0.225058,-0.303081,High
0.738187,-1.078202,-1.571889,-0.166063,2.230543,High
0.738187,-1.078202,-1.571889,-0.166063,2.230543,High
1.743438,-1.108601,-0.639356,-1.050982,-1.241459,High
0.905729,-1.047802,-2.71636,-0.756009,2.32438,High
-0.546301,-1.047802,-0.951967,0.364889,1.01065,High
-0.993079,0.016179,0.007058,0.954835,0.166109,High
-1.328163,-0.59181,-0.840699,1.072824,1.198326,High
-0.937232,-1.1694,-2.09114,-0.63802,2.230543,High
-0.546301,-0.04462,-0.379731,-0.697015,-0.115405,Low
-0.937232,-1.1694,-2.09114,-0.63802,2.230543,High
-1.328163,-0.59181,-0.840699,1.072824,1.198326,High
-1.272316,-0.652609,-0.840699,1.072824,1.198326,High
-0.993079,-0.683009,-0.665849,0.246899,1.479839,High
-0.15537,0.259374,0.250788,0.12891,0.447623,Low
-1.384011,-1.047802,-1.699052,-0.63802,1.761353,High
-1.160621,-0.835006,-0.554581,-0.63802,-0.021567,High
2.664918,-0.439813,-0.374433,-1.050982,-0.396918,Low
1.017423,-0.470212,-0.21018,-0.461036,-0.396918,High
0.291408,-1.199799,-1.169204,-0.461036,0.729136,High
-0.76969,-0.59181,-0.406223,1.072824,0.916812,High
-0.825538,-0.561411,-0.999653,0.541872,2.042867,High
-1.942483,1.900945,-3.537625,-1.286961,2.136705,High
-1.942483,1.900945,-3.537625,-1.286961,2.136705,High
-0.15537,-0.713408,-0.204881,-0.284052,-0.021567,Low
-0.937232,-1.1694,-0.17309,-0.756009,1.386002,High
-0.937232,-1.1694,-0.17309,-0.756009,1.386002,High
-0.099523,-1.139001,-0.480402,-0.697015,0.072271,Low
-1.160621,-1.139001,-0.893683,-0.63802,1.761353,High
0.291408,-0.865405,-0.565178,-0.579025,0.072271,High
1.687591,-0.105419,0.780636,-0.343047,-0.021567,High
-1.216469,-0.318215,-1.646068,-0.579025,2.042867,High
1.492125,0.168176,-1.571889,-0.815004,1.104488,Low
-1.048927,0.654567,-0.469805,-0.697015,-0.303081,High
0.291408,-0.865405,-0.565178,-0.579025,0.072271,High
0.347256,-0.987003,-0.989056,-0.63802,1.01065,High
0.123866,-0.956604,-0.851296,-0.461036,0.54146,High
1.631743,-0.987003,0.950187,-0.756009,-0.77227,Low
0.235561,-0.59181,-0.438014,-0.402042,-0.021567,High
1.212889,0.046578,0.340862,-1.109977,-0.678432,High
-0.881385,-0.895805,0.044147,-0.048074,0.166109,High
-1.216469,-0.348615,-1.688455,-0.402042,1.949029,High
2.134369,0.289774,-0.014136,-0.579025,-1.147622,Low
-0.15537,-0.227017,0.091834,1.013829,0.635298,High
2.441529,-0.439813,0.430936,0.069915,-0.209243,Low
-0.211217,-0.62221,-0.676446,-0.107068,-0.584594,High
-0.15537,-0.227017,0.091834,1.013829,0.635298,High
-0.76969,0.198576,-2.016961,-0.225058,1.667515,High
-0.490454,-0.257416,-1.25398,-0.461036,0.916812,High
1.408354,-0.04462,-0.332045,-0.225058,0.259947,High
-0.546301,0.137777,-0.215478,-0.107068,-0.021567,Low
-0.211217,-0.987003,0.144818,0.718856,0.447623,High
-0.15537,-0.895805,0.155415,0.659862,0.353785,High
-0.546301,0.137777,-0.215478,-0.107068,-0.021567,Low
0.431027,-0.652609,-2.207706,-0.63802,2.32438,Low
-1.104774,-0.804607,-1.317562,0.659862,2.136705,High
0.626492,0.928163,0.38325,-0.225058,-1.241459,High
0.626492,0.928163,0.38325,-0.225058,-1.241459,High
-0.267065,-1.108601,-0.469805,-0.402042,1.573677,High
-0.602148,1.323355,0.579294,-0.520031,-1.241459,Low
0.012172,0.168176,0.187206,0.600867,1.104488,High
-0.267065,-1.108601,-0.469805,-0.402042,1.573677,High
-1.663247,-1.1694,0.717054,0.246899,-0.490756,High
-0.713843,-0.926204,-1.126817,0.187905,1.949029,High
-0.825538,-0.956604,-0.607566,-0.107068,0.916812,High
-1.328163,-0.895805,-0.581073,-0.166063,1.292164,High
1.184965,-1.108601,-1.35995,-0.520031,1.292164,High
0.45895,-0.804607,-0.236672,-0.343047,-0.209243,High
-0.043675,-0.62221,-1.677858,0.364889,1.949029,High
-1.216469,-1.108601,-0.543984,1.013829,0.447623,High
-1.216469,-1.108601,-0.543984,1.013829,0.447623,High
0.514797,0.168176,0.134222,-0.225058,0.353785,Low
-1.104774,-0.287816,-0.936071,1.367797,0.635298,High
-0.993079,0.867364,0.028252,-0.461036,-0.866108,High
0.514797,-0.287816,0.240191,-0.461036,0.259947,High
-1.551552,0.624168,0.499817,1.190813,-0.209243,High
-1.160621,-1.1694,-0.745326,0.423883,0.916812,High
-1.439858,-1.1694,-1.07913,-0.873998,1.292164,High
-0.825538,0.715366,0.054744,-0.402042,-0.866108,High
-0.602148,0.380972,-0.305552,0.659862,1.479839,High
-0.825538,0.715366,0.054744,-0.402042,-0.866108,High
-0.267065,0.53297,-0.771818,-0.991988,-0.77227,Low
-1.048927,-1.139001,0.335564,0.010921,1.104488,High
-1.886636,-0.500612,-1.455322,0.187905,0.729136,High
-0.657996,-0.166218,0.319668,0.600867,-0.490756,High
-0.657996,-0.166218,0.319668,0.600867,-0.490756,High
-1.495705,0.836964,-1.1851,-0.166063,1.292164,High
-1.048927,-0.835006,-0.681744,-0.343047,0.916812,High
0.068019,-0.926204,-1.036742,-0.402042,1.01065,High
-1.216469,-0.470212,-0.316149,1.190813,1.479839,High
-0.713843,-0.804607,0.515712,-0.932993,0.072271,Low
-0.043675,-0.865405,-0.045927,-0.815004,-0.959946,Low
-0.043675,-0.865405,-0.045927,-0.815004,-0.959946,Low
-1.048927,-0.318215,-1.49771,0.718856,1.855191,High
-0.211217,-0.652609,-1.518904,-0.166063,1.479839,High
-0.267065,-0.500612,-1.444725,-0.697015,0.729136,High
-0.211217,-0.652609,-1.518904,-0.166063,1.479839,High
-0.267065,-0.652609,-1.667261,0.010921,1.855191,High
0.235561,0.076978,-1.593083,-0.343047,2.230543,Low
-1.663247,-0.895805,-1.582486,-0.697015,1.761353,High
-1.272316,-0.683009,-0.803609,1.131819,1.198326,High
1.408354,-1.017403,0.955486,-0.991988,-0.866108,Low
0.012172,-0.987003,-0.432716,-0.107068,-0.396918,High
-0.602148,0.259374,-1.07913,-0.107068,1.761353,High
-1.104774,-0.348615,-1.476516,0.305894,0.54146,High
-1.6074,-1.108601,0.123625,-0.402042,-0.866108,High
-0.713843,1.019361,-3.468744,0.010921,2.981246,High
0.905729,-0.774207,-0.543984,-0.343047,0.822974,High
0.905729,-0.774207,-0.543984,-0.343047,0.822974,High
0.905729,-0.774207,-0.543984,-0.343047,0.822974,High
-0.76969,-0.683009,-2.239497,-0.756009,2.699732,High
0.738187,-0.956604,-2.218303,-0.461036,2.32438,Low
0.068019,-0.895805,-2.329571,0.364889,2.512056,High
-0.15537,-0.561411,-1.709649,-0.63802,1.761353,High
-0.322912,-0.409414,-2.409049,-1.050982,1.761353,High
-0.713843,-0.531011,-0.003539,-0.048074,0.729136,High
0.291408,-1.017403,-0.623461,-0.225058,1.01065,Low
-1.6074,-0.59181,-1.487113,-0.402042,0.822974,High
-1.328163,-1.078202,-2.779942,-0.697015,2.887408,High
1.29666,0.168176,-1.56659,-0.343047,1.01065,High
-0.546301,1.292956,0.876009,0.12891,-0.396918,Low
-0.546301,0.715366,0.653472,0.187905,0.072271,High
0.403103,-1.108601,0.505115,-0.166063,-0.021567,High
-1.886636,2.691331,-1.767933,-1.286961,-0.866108,Low
-0.937232,-0.257416,-1.826216,1.308802,2.981246,High
-1.384011,-0.956604,-0.798311,0.482878,1.292164,High
-1.551552,0.107377,-1.137414,-0.343047,1.386002,High
-0.043675,-1.017403,0.526309,0.600867,0.916812,High
-0.043675,-1.017403,0.526309,0.600867,0.916812,High
-0.657996,1.444953,0.589891,-0.461036,-1.241459,Low
-0.099523,1.201758,0.473324,-0.107068,-0.866108,High
-0.713843,0.988961,0.081237,-0.048074,-0.866108,High
-0.825538,0.745766,-0.268463,1.131819,0.54146,High
-0.434607,-1.047802,-1.699052,-0.048074,0.916812,High
-1.719094,-0.804607,-0.014136,0.954835,-0.396918,High
-1.160621,0.715366,-0.459208,-0.225058,-0.303081,Low
-1.830789,0.137777,-0.014136,0.89584,-0.021567,High
-0.76969,-0.774207,-0.787714,0.010921,1.104488,High
-0.993079,-1.078202,-0.475104,-0.815004,1.479839,High
-1.104774,-1.047802,-1.068533,0.600867,2.230543,High
0.291408,0.715366,-1.709649,-0.048074,1.949029,High
0.403103,-0.257416,-0.310851,-0.756009,-0.584594,Low
-0.602148,-0.257416,-0.27906,0.010921,0.635298,High
0.291408,0.50257,-0.692341,0.12891,0.916812,High
0.403103,-0.257416,-0.310851,-0.756009,-0.584594,Low
-1.942483,1.262557,-0.798311,0.600867,1.292164,High
-0.099523,1.657749,-2.303079,1.249808,2.32438,High
-0.657996,0.228975,-0.543984,2.960652,0.166109,High
-0.657996,-0.287816,0.282579,0.069915,0.353785,Low
-0.937232,-0.804607,0.007058,0.364889,0.635298,High
-0.434607,-0.774207,-0.655252,0.541872,-0.209243,High
-1.160621,-0.835006,-1.275174,0.305894,1.292164,High
1.436278,-0.774207,0.091834,0.069915,-0.396918,Low
1.436278,-0.774207,0.091834,0.069915,-0.396918,Low
0.068019,0.411372,0.181908,1.898749,-0.209243,Low
-1.104774,0.046578,-0.777117,1.308802,1.855191,High
-1.048927,-0.07502,-1.540098,-0.579025,1.479839,High
-0.15537,-0.987003,-0.914877,-0.225058,1.01065,High
-0.937232,-1.047802,-0.040628,0.069915,0.072271,High
0.347256,-0.07502,-0.808908,0.12891,0.353785,High
-0.602148,-0.926204,-0.136001,0.482878,1.761353,High
-0.937232,0.563369,0.218997,-0.225058,-0.866108,High
-0.937232,0.563369,0.218997,-0.225058,-0.866108,High
0.45895,0.380972,-0.708237,0.246899,1.01065,High
0.738187,-1.078202,-1.889798,0.010921,2.136705,High
2.162293,0.958562,-1.74144,0.423883,0.916812,Low
-0.993079,0.016179,-0.400925,0.89584,0.54146,High
-0.993079,0.016179,-0.400925,0.89584,0.54146,High
-0.76969,-1.078202,-1.042041,-1.168972,0.916812,Low
-0.713843,0.228975,0.420339,1.190813,0.072271,High
0.738187,0.441771,-0.543984,-0.343047,-1.053784,Low
0.626492,2.20494,-0.724132,0.246899,0.447623,Low
-0.546301,-0.227017,-1.74144,-1.168972,1.386002,High
-0.546301,-0.227017,-1.74144,-1.168972,1.386002,High
0.626492,2.20494,-0.724132,0.246899,0.447623,Low
2.385682,-0.835006,-0.310851,-1.286961,-0.77227,Low
-0.713843,-0.804607,-0.120105,-0.520031,1.949029,High
-1.551552,-0.166218,-1.248682,0.836846,1.855191,High
1.212889,0.53297,-0.459208,-0.402042,-0.866108,High
-0.546301,0.289774,-0.220777,-0.343047,-0.866108,High
0.291408,1.444953,0.060043,-0.461036,-0.866108,High
0.235561,-1.139001,-1.14801,-0.697015,-0.584594,High
-1.495705,0.928163,-0.87249,0.777851,0.447623,High
0.291408,1.444953,0.060043,-0.461036,-0.866108,High
0.235561,-1.139001,-1.14801,-0.697015,-0.584594,High
-1.048927,-1.108601,-1.354651,-0.697015,0.729136,High
-0.602148,-1.047802,-0.840699,0.187905,1.198326,High
-0.937232,-0.07502,-0.745326,1.131819,0.54146,High
-0.937232,-0.07502,-0.745326,1.131819,0.54146,High
-0.937232,-0.07502,-0.745326,1.131819,0.54146,High
1.07327,0.168176,0.409742,1.66277,-0.396918,Low
-0.937232,-0.07502,-0.745326,1.131819,0.54146,High
-0.76969,-0.683009,-1.306965,1.249808,0.729136,High
0.682339,-0.956604,-0.936071,-0.225058,-0.021567,High
-0.490454,0.198576,-0.554581,-0.225058,-1.053784,Low
0.682339,-0.956604,-0.936071,-0.225058,-0.021567,High
-0.825538,-1.017403,-0.083016,0.541872,0.072271,High
-1.104774,-1.139001,-0.247269,-1.050982,-0.021567,High
-1.439858,-0.531011,-0.989056,-0.579025,0.822974,High
0.235561,0.988961,0.012356,0.187905,-0.866108,High
-1.048927,0.836964,-1.412934,0.89584,1.479839,High
-0.713843,-0.683009,-0.395626,0.187905,0.166109,High
-0.76969,0.107377,-1.042041,1.013829,0.447623,High
-1.160621,-0.07502,0.31437,0.659862,1.01065,High
-1.160621,-0.07502,0.31437,0.659862,1.01065,High
0.012172,1.292956,0.017655,-1.168972,-0.77227,High
-0.937232,-0.713408,-0.194284,0.600867,1.479839,High
-0.76969,-0.804607,1.299887,0.954835,-0.115405,High
-0.378759,0.928163,1.310484,-0.873998,-0.959946,Low
0.291408,-0.014221,-0.438014,-1.109977,-1.147622,Low
0.291408,-0.774207,0.499817,0.364889,-0.77227,Low
-0.602148,1.262557,-2.742853,0.423883,2.981246,High
-0.546301,0.593769,0.229594,-0.107068,-0.866108,Low
-1.942483,0.350573,-1.084429,0.718856,1.292164,High
1.60382,1.323355,-0.284358,-0.225058,0.353785,Low
-0.546301,0.593769,0.229594,-0.107068,-0.866108,Low
-1.663247,-0.318215,-0.321448,-0.991988,-1.053784,Low
1.240812,-0.865405,-2.292482,-1.522939,2.230543,High
0.123866,-0.895805,-0.083016,-0.107068,-0.959946,High
1.240812,-0.865405,-2.292482,-1.522939,2.230543,High
1.129118,-0.683009,0.653472,-1.168972,-0.77227,Low
0.794034,-0.804607,-0.989056,-0.579025,1.292164,Low
0.45895,0.411372,-0.957265,-1.522939,-1.053784,Low
-0.881385,0.563369,0.287877,-0.402042,-0.584594,Low
-0.713843,-0.196617,-1.381144,-0.343047,1.667515,High
0.179714,1.201758,0.823024,-0.225058,-0.866108,Low
0.123866,-0.379014,-0.10421,0.12891,0.072271,Low
1.184965,0.046578,-0.914877,-1.050982,-0.396918,Low
0.123866,-0.379014,-0.10421,0.12891,0.072271,Low
-0.657996,-0.318215,-0.978459,0.541872,0.635298,High
0.403103,-0.287816,-0.851296,-0.284052,0.447623,High
0.403103,-0.287816,-0.851296,-0.284052,0.447623,High
0.291408,0.411372,-0.236672,-0.402042,-0.584594,Low
1.07327,-0.987003,-0.252567,-0.461036,-0.584594,Low
0.738187,-1.017403,-0.559879,-0.461036,-0.866108,Low
0.961576,-0.348615,-0.247269,0.187905,0.447623,Low
0.626492,-0.014221,-1.677858,-1.227966,0.54146,Low
0.347256,0.411372,-0.930773,-1.40495,-1.147622,Low
0.626492,-0.409414,-0.724132,-0.166063,0.822974,High
0.626492,-0.409414,-0.724132,-0.166063,0.822974,High
2.748689,-0.683009,-1.259279,-0.63802,0.729136,Low
-0.434607,0.593769,0.271982,-0.461036,-0.584594,Low
1.408354,-0.62221,0.5581,-1.168972,-0.77227,Low
-0.881385,0.137777,-1.158607,0.364889,1.292164,High
0.235561,-0.318215,-0.586372,-0.343047,-0.115405,High
0.235561,-0.318215,-0.586372,-0.343047,-0.115405,High
-0.546301,-0.835006,-0.395626,1.249808,0.916812,High
-0.657996,0.137777,-0.03533,-0.63802,-0.866108,High
-0.211217,1.232157,-3.150836,0.954835,3.356597,High
-0.825538,0.411372,-3.129642,0.541872,3.356597,High
-0.490454,0.53297,-1.720246,-0.520031,1.198326,High
-0.378759,-0.07502,-1.534799,-0.756009,0.729136,Low
0.291408,-0.07502,-0.957265,-1.345955,-1.053784,Low
0.291408,-0.318215,-1.243383,-0.756009,0.729136,High
1.045347,1.04976,0.07064,-0.697015,-0.866108,High
0.905729,-1.108601,-0.204881,-0.343047,-0.678432,High
1.045347,1.04976,0.07064,-0.697015,-0.866108,High
-1.272316,-1.139001,-1.031444,-0.520031,1.01065,High
-0.378759,0.228975,-0.607566,-0.107068,-0.021567,High
-0.378759,0.228975,-0.607566,-0.107068,-0.021567,High
1.324583,-0.743808,-0.294955,0.12891,0.447623,High
0.570645,0.684967,0.31437,-0.166063,-0.209243,High
-0.602148,-0.318215,-1.052638,-0.579025,0.447623,Low
-0.881385,0.016179,0.31437,-0.520031,0.072271,Low
-2.054178,-0.470212,-1.836813,-0.697015,1.855191,High
0.403103,-1.199799,-2.059349,-1.699923,2.418218,Low
0.403103,1.931345,1.268096,3.019646,-0.209243,Low
0.403103,1.931345,1.268096,3.019646,-0.209243,Low
1.184965,-1.047802,-0.814206,-0.402042,0.54146,Low
0.598568,0.411372,-0.194284,0.541872,0.447623,High
-0.741767,-0.561411,-1.656665,0.069915,1.855191,High
1.268736,-1.047802,-0.014136,-0.991988,-0.678432,Low
0.598568,0.411372,-0.194284,0.541872,0.447623,High
0.570645,0.943362,-0.618163,-1.227966,-0.866108,Low
0.570645,0.943362,-0.618163,-1.227966,-0.866108,Low
0.012172,-0.531011,-1.863305,-0.284052,1.573677,High
0.403103,-0.865405,-2.562704,-0.579025,1.667515,High
0.654416,-0.561411,-1.222189,-0.284052,1.949029,High
1.855133,0.320173,-0.406223,0.482878,1.198326,High
-0.881385,-0.956604,-0.52279,0.836846,0.729136,High
-1.384011,0.654567,-0.920176,0.010921,0.729136,Low
1.464201,0.654567,-0.66055,-1.286961,-1.147622,Low
0.45895,1.262557,-0.332045,-0.756009,-0.584594,Low
0.905729,1.353755,0.611085,-0.225058,-0.303081,Low
0.849881,-0.531011,-0.798311,-0.815004,0.635298,Low
0.905729,1.353755,0.611085,-0.225058,-0.303081,Low
0.514797,0.50257,-0.395626,-0.284052,-1.147622,Low
0.45895,1.262557,-0.332045,-0.756009,-0.584594,Low
-0.099523,-0.59181,-2.038155,-0.402042,2.230543,High
3.642246,-0.166218,-0.755923,-1.109977,0.072271,Low
-0.937232,0.563369,-0.618163,-0.697015,-0.303081,High
-0.937232,0.684967,-0.62876,-0.756009,-0.303081,High
0.570645,1.353755,-0.310851,-0.461036,-0.584594,High
-0.490454,-0.166218,-0.194284,0.187905,1.386002,High
0.570645,1.353755,-0.310851,-0.461036,-0.584594,High
0.738187,1.262557,0.642876,0.010921,-0.303081,Low
-1.048927,-0.865405,-1.49771,-0.63802,0.916812,Low
-0.937232,0.259374,-0.951967,0.954835,0.54146,High
-0.378759,-0.379014,-1.031444,-0.343047,0.166109,High
-0.378759,-0.379014,-1.031444,-0.343047,0.166109,High
-0.378759,-0.379014,-1.031444,-0.343047,0.166109,High
-0.378759,-0.379014,-1.031444,-0.343047,0.166109,High
-0.043675,-0.257416,-0.66055,-0.815004,-1.053784,Low
0.403103,1.353755,-0.310851,-0.579025,-0.584594,High
0.403103,1.353755,-0.310851,-0.579025,-0.584594,High
1.91098,0.624168,-0.03533,-1.168972,-1.147622,Low
-0.76969,-0.652609,-0.496298,-1.345955,-0.678432,High
1.380431,0.046578,0.45213,-0.873998,-0.77227,Low
0.291408,-0.196617,-1.524203,0.010921,2.042867,High
-0.15537,-0.62221,-1.200995,-1.227966,-0.866108,Low
-0.15537,-0.62221,-1.200995,-1.227966,-0.866108,Low
-0.15537,-0.62221,-1.200995,-1.227966,-0.866108,Low
-0.099523,-0.470212,-0.724132,-0.697015,0.072271,High
-0.099523,-0.470212,-0.724132,-0.697015,0.072271,High
-0.099523,-0.470212,-0.724132,-0.697015,0.072271,High
0.068019,-0.470212,-0.45391,-0.873998,-0.021567,High
-0.099523,-0.470212,-0.724132,-0.697015,0.072271,High
-0.602148,-0.804607,0.93959,-0.756009,0.54146,Low
-0.490454,-0.561411,-0.326746,-0.756009,-0.209243,High
0.347256,-1.017403,-1.073832,-0.579025,0.916812,Low
0.710263,-1.047802,-0.464507,-1.581934,-0.866108,Low
0.710263,-1.047802,-0.464507,-1.581934,-0.866108,Low
0.235561,-0.166218,-0.830102,-0.815004,0.353785,Low
0.403103,0.806565,-0.109509,-0.520031,-0.396918,Low
0.514797,-0.014221,-1.815619,-0.873998,1.292164,High
0.654416,0.320173,0.081237,-1.168972,-0.115405,Low
0.654416,0.320173,0.081237,-1.168972,-0.115405,Low
0.291408,-0.561411,-0.565178,-0.815004,-0.396918,Low
-1.160621,-0.439813,-1.11622,-1.286961,-0.303081,Low
-1.048927,-0.561411,-1.11622,-1.286961,-0.303081,Low
-0.546301,0.624168,-0.141299,-0.402042,0.635298,High
-0.294988,-0.561411,0.155415,-0.048074,-0.365639,High
0.068019,-0.257416,0.128923,-0.579025,0.447623,Low
1.799285,0.228975,0.261385,-0.697015,-0.303081,Low
-0.294988,-0.561411,0.155415,-0.048074,-0.365639,High
1.687591,0.50257,-0.120105,-1.050982,-0.584594,Low
0.431027,-0.470212,-0.925474,-0.756009,1.292164,High
-0.15537,-0.135818,0.187206,-0.225058,-0.866108,Low
1.184965,-0.04462,-0.52279,-0.932993,-0.584594,Low
0.068019,1.779347,0.266684,3.078641,0.072271,High
1.352507,0.836964,-0.098912,-0.932993,-0.584594,High
0.45895,-1.1694,-1.476516,-1.699923,-0.021567,Low
1.240812,1.292956,-0.056524,-1.227966,-1.053784,Low
0.179714,1.62735,-0.469805,-0.815004,-0.490756,Low
1.994751,-0.470212,-1.137414,-1.168972,-0.396918,Low
-0.211217,0.836964,-0.76652,-0.225058,1.667515,High
-0.434607,-0.561411,-0.34794,-0.873998,-0.490756,High
0.235561,-0.348615,-0.623461,-0.225058,0.353785,High
0.235561,-0.348615,-0.623461,-0.225058,0.353785,High
1.687591,-0.652609,-0.745326,-1.227966,-0.77227,Low
0.403103,1.779347,-0.326746,-0.991988,-0.490756,Low
0.403103,1.779347,-0.326746,-0.991988,-0.490756,Low
1.268736,1.140959,-0.432716,-0.932993,-0.866108,Low
1.575896,1.171358,-0.03533,-1.40495,-1.147622,Low
0.626492,-0.713408,-0.342642,-0.461036,-0.77227,Low
0.626492,-0.713408,-0.342642,-0.461036,-0.77227,Low
-0.267065,1.961744,-0.798311,-0.756009,-0.678432,Low
-0.211217,-0.409414,-2.027558,-0.402042,1.949029,High
0.626492,-0.409414,-0.332045,-0.461036,0.54146,Low
0.514797,-1.047802,-1.349353,-1.050982,-0.584594,Low
-0.043675,0.380972,-0.332045,-1.050982,-0.209243,Low
0.235561,0.806565,-0.030031,-1.050982,-1.147622,Low
0.877805,-1.047802,0.372653,-0.048074,-0.819189,High
0.821958,-1.078202,0.372653,-0.048074,-0.819189,Low
0.347256,1.748948,-0.480402,-0.815004,-0.490756,Low
0.403103,-0.561411,-0.077718,-0.225058,-0.209243,High
0.794034,-0.683009,-0.607566,0.364889,0.635298,High
0.905729,2.873728,-0.289657,-0.873998,-0.490756,Low
0.905729,2.873728,-0.289657,-0.873998,-0.490756,Low
-1.272316,-0.683009,-0.236672,0.954835,1.386002,High
-1.104774,-1.017403,-0.395626,2.606684,-0.396918,High
-0.15537,-0.014221,0.928993,-0.225058,0.259947,High
-1.384011,-0.379014,-0.819505,1.426792,0.822974,High
-0.099523,0.228975,-0.925474,1.603776,0.259947,High
-1.328163,0.198576,-0.925474,2.075733,1.855191,High
-0.099523,0.228975,-0.925474,1.603776,0.259947,High
2.413606,-0.926204,-1.667261,-1.286961,1.386002,High
-0.322912,-0.835006,-0.236672,0.423883,0.166109,High
0.235561,1.292956,-0.236672,1.426792,-0.303081,Low
-1.160621,-0.956604,1.405857,0.718856,-0.77227,Low
0.291408,-0.865405,-0.077718,1.072824,-0.959946,Low
-1.160621,-0.956604,1.405857,0.718856,-0.77227,Low
-1.048927,-0.287816,-0.819505,0.659862,1.573677,High
0.012172,-0.835006,-0.925474,-1.168972,-0.584594,Low
0.626492,2.630532,-0.607566,-1.227966,-0.490756,Low
0.012172,-0.835006,-0.925474,-1.168972,-0.584594,Low
-0.713843,0.350573,-0.130702,-0.461036,-0.959946,Low
0.068019,0.259374,-0.607566,1.072824,0.916812,High
0.012172,-0.470212,0.028252,0.069915,0.54146,Low
-1.495705,-0.713408,0.346161,0.246899,-0.77227,High
-1.495705,-0.713408,0.346161,0.246899,-0.77227,High
-1.663247,0.411372,0.187206,0.305894,1.573677,High
-0.657996,-0.713408,-0.554581,-0.461036,0.729136,Low
0.626492,0.259374,-0.289657,-0.166063,0.54146,Low
-1.942483,0.624168,-0.395626,1.603776,0.822974,Low
-0.657996,0.016179,-0.607566,-0.225058,-0.021567,Low
-0.546301,0.836964,-0.501596,-0.697015,-0.490756,High
-0.490454,-1.078202,-1.243383,1.131819,1.198326,High
-0.713843,-0.652609,-0.66055,0.482878,-0.303081,High
0.347256,-1.1694,-0.395626,-1.109977,-0.115405,Low
0.794034,1.384154,-0.575775,0.12891,0.604019,High
-0.881385,-0.561411,-1.084429,0.423883,0.822974,High
0.570645,-0.500612,0.197803,0.541872,-0.584594,Low
0.291408,-0.743808,-1.868604,-0.991988,1.198326,Low
0.794034,1.384154,-0.575775,0.12891,0.635298,High
0.570645,-0.500612,0.197803,0.541872,-0.584594,Low
0.794034,-0.227017,0.13952,0.482878,-0.678432,Low
0.291408,0.228975,0.044147,0.423883,-0.678432,Low
-0.825538,-0.531011,-1.073832,0.600867,0.822974,High
-0.881385,-0.561411,-1.084429,0.423883,0.822974,High
-1.160621,-0.895805,0.303773,0.718856,0.54146,High
0.291408,0.198576,-1.593083,0.600867,1.104488,High
-0.211217,1.171358,0.166012,-0.461036,-1.335297,Low
-0.434607,-0.713408,1.586005,0.187905,0.447623,High
2.078522,-0.895805,-1.100324,-0.166063,0.447623,High
0.068019,1.292956,-2.324273,-0.932993,0.11919,High
-0.211217,1.171358,0.166012,-0.461036,-1.335297,Low
-1.328163,-0.804607,-0.379731,-0.343047,0.072271,Low
-1.830789,-0.956604,-1.14801,0.836846,1.386002,High
-0.602148,0.53297,0.261385,0.12891,-0.021567,High
1.436278,-1.017403,-0.056524,-0.284052,-0.396918,Low
0.626492,-0.470212,-0.687043,-0.461036,-0.021567,High
0.570645,-0.227017,-0.808908,-0.756009,0.353785,High
0.347256,0.198576,-0.501596,0.069915,-0.678432,Low
0.347256,0.198576,-0.501596,0.069915,-0.678432,Low
-0.267065,0.228975,0.282579,-0.048074,-0.396918,High
2.860384,-0.439813,-0.141299,-0.520031,0.54146,Low
-0.267065,0.228975,0.282579,-0.048074,-0.396918,High
2.5253,0.076978,0.160714,-0.63802,-0.678432,Low
0.905729,-0.683009,-0.512193,-1.109977,-0.678432,Low
0.961576,-0.926204,-1.805022,-0.815004,2.042867,Low
-0.993079,-0.07502,-0.098912,0.777851,0.635298,High
0.403103,-0.04462,-1.794425,-0.697015,0.54146,Low
-0.322912,1.292956,-2.610391,1.308802,2.949966,High
-0.322912,1.292956,-2.610391,1.308802,2.981246,High
-1.384011,-0.743808,0.812427,0.12891,0.166109,Low
0.514797,-1.017403,-0.936071,-0.225058,-0.303081,Low
-1.384011,-0.743808,0.812427,0.12891,0.166109,Low
0.291408,-1.139001,0.234893,-0.520031,-0.115405,Low
-1.104774,-1.047802,-0.702938,-0.284052,0.259947,Low
2.134369,-1.078202,-0.438014,-0.107068,0.447623,Low
0.710263,-0.652609,-0.363836,-0.63802,-0.678432,Low
0.849881,-0.713408,-0.681744,-0.343047,-0.115405,Low
0.626492,-0.895805,-0.946668,0.718856,0.166109,Low
0.068019,-1.017403,-1.349353,-0.461036,0.916812,Low
0.235561,-1.078202,-1.200995,0.600867,0.353785,High
-1.719094,-0.865405,-1.752037,-0.579025,1.855191,High
0.068019,-1.017403,-1.349353,-0.461036,0.916812,Low
0.682339,-0.865405,-1.730843,-0.697015,1.43292,Low
0.068019,3.056125,-0.204881,-0.402042,-0.678432,Low
-1.216469,-0.561411,-1.142712,0.246899,-0.396918,High
-0.546301,-0.561411,-0.967862,0.89584,0.166109,High
0.068019,3.056125,-0.204881,-0.402042,-0.678432,Low
1.184965,-0.926204,-0.883087,-0.166063,1.01065,High
2.050598,-1.017403,-0.490999,-0.461036,0.353785,High
1.184965,-0.926204,-0.883087,-0.166063,1.01065,High
1.101194,-0.956604,-0.883087,-0.756009,-0.77227,Low
1.631743,0.53297,-0.17309,-0.756009,-0.959946,Low
0.319332,0.411372,-0.194284,-0.697015,-0.584594,Low
-0.490454,-0.987003,-0.634058,0.187905,0.54146,High
-0.825538,-1.047802,-0.369134,-0.63802,0.916812,High
1.29666,-1.047802,-0.395626,-0.166063,-0.443837,Low
1.575896,-0.987003,-0.596969,0.010921,0.353785,High
-0.825538,-1.047802,-0.369134,-0.63802,0.916812,High
-1.439858,-0.652609,0.738248,0.364889,0.166109,High
-1.942483,-0.804607,-1.402337,0.246899,0.635298,Low
-0.937232,0.046578,-0.072419,0.659862,-0.678432,High
0.905729,-0.59181,0.197803,0.069915,-0.584594,Low
1.464201,-0.895805,-0.459208,-0.048074,-0.021567,High
0.179714,0.563369,-2.016961,-0.343047,0.072271,High
1.743438,0.563369,0.886606,0.364889,-1.116342,High
1.743438,0.563369,0.886606,0.364889,-1.100703,High
-1.160621,0.350573,-0.220777,1.839754,0.166109,Low
0.012172,-0.07502,-0.983758,1.013829,-0.115405,High
-0.322912,-0.804607,-0.146598,-0.166063,0.072271,Low
0.961576,-0.59181,-0.051225,-0.461036,-0.209243,Low
0.012172,-0.07502,-0.983758,1.013829,-0.115405,High
-0.267065,-0.713408,-0.475104,-1.345955,-1.288378,Low
-1.160621,0.350573,-0.220777,1.839754,0.166109,Low
-0.267065,0.441771,-0.76652,-0.343047,-0.021567,Low
-0.602148,0.016179,-0.808908,0.718856,-0.396918,High
-0.267065,-0.379014,-0.649953,-0.107068,-0.678432,Low
-0.322912,-0.257416,-0.644655,-0.048074,-0.77227,High
0.012172,-0.683009,-0.87249,0.010921,0.353785,High
-1.328163,0.380972,0.2084,0.069915,-0.303081,High
0.905729,0.168176,-0.353239,-0.343047,-0.209243,High
-0.490454,-0.865405,-1.222189,0.187905,0.822974,High
0.989499,-0.561411,-0.231374,0.010921,-0.209243,Low
0.012172,-0.743808,-0.538685,0.12891,-0.490756,High
-0.76969,1.140959,0.224296,-0.284052,-1.335297,Low
0.179714,-0.531011,-1.471218,-0.225058,1.198326,High
0.123866,-0.348615,-0.448611,-0.402042,-0.678432,High
0.012172,-0.04462,-0.777117,0.12891,-0.115405,High
0.291408,-0.470212,-1.01025,-0.107068,-0.209243,High
0.626492,-0.62221,-0.724132,-0.166063,1.479839,Low
-0.76969,0.411372,0.2084,0.718856,-0.490756,Low
-0.043675,-0.439813,-0.151896,-0.166063,1.104488,High
-1.551552,0.076978,-0.045927,0.600867,0.447623,High
1.827209,-0.257416,-1.073832,-0.579025,0.306866,High
-0.490454,-0.835006,0.441533,-0.520031,-0.021567,High
-0.881385,-0.835006,-0.66055,0.89584,0.729136,High
0.570645,-0.561411,-0.761221,-0.107068,-0.303081,High
0.235561,-0.62221,-0.528088,-0.284052,-0.209243,Low
0.403103,-0.62221,-1.953379,-0.873998,1.573677,Low
-0.713843,0.107377,0.573995,-0.461036,-0.021567,Low
-0.937232,-0.683009,-1.354651,0.246899,0.916812,High
0.849881,-0.62221,0.573995,-0.756009,-0.866108,Low
0.794034,-0.59181,0.494518,-0.697015,-0.959946,Low
0.849881,0.228975,-0.469805,0.010921,0.822974,High
1.157041,-0.561411,0.478623,-0.343047,-0.959946,Low
1.827209,-0.713408,-0.252567,-0.343047,0.54146,High
0.179714,-0.683009,-0.851296,0.12891,0.11919,High
1.966827,-0.804607,-0.204881,-0.579025,-0.490756,Low
1.827209,-0.713408,-0.252567,-0.343047,0.54146,High
0.403103,2.569733,-0.27906,-0.815004,-0.490756,Low
0.403103,2.569733,-0.27906,-0.815004,-0.490756,Low
0.403103,2.569733,-0.27906,-0.815004,-0.490756,Low
0.933652,-0.804607,-0.681744,-0.697015,-0.303081,Low
0.933652,-0.804607,-0.681744,-0.697015,-0.303081,Low
0.933652,-0.804607,-0.681744,-0.697015,-0.303081,Low
0.794034,-0.135818,-0.983758,0.954835,0.447623,High
-2.054178,0.168176,-0.957265,0.305894,0.729136,High
0.933652,-0.804607,-0.681744,-0.697015,-0.303081,Low
0.179714,-0.135818,-0.241971,-0.402042,-1.147622,Low
-0.099523,-0.379014,-1.476516,-0.520031,1.01065,High
-0.825538,-0.652609,-0.851296,-0.048074,0.635298,High
0.905729,1.748948,-0.226075,-0.873998,-0.866108,Low
0.291408,0.107377,-1.100324,0.069915,1.949029,High
-0.043675,-0.804607,-1.063235,-0.107068,1.292164,High
-1.272316,-0.531011,-0.459208,0.718856,0.353785,High
0.794034,-0.804607,-0.713535,0.069915,0.822974,High
0.179714,-0.439813,-1.444725,-0.343047,0.822974,Low
-0.993079,-0.62221,-1.084429,-0.343047,1.386002,High
0.179714,-0.439813,-1.444725,-0.343047,0.822974,Low
1.045347,-0.59181,-1.656665,-0.932993,1.386002,Low
-0.378759,1.566551,-0.512193,-0.225058,-0.584594,Low
-1.160621,-0.379014,-1.01025,0.836846,1.104488,High
-0.76969,0.046578,-0.957265,1.072824,1.01065,High
-1.216469,0.411372,-0.967862,1.131819,0.916812,High
0.45895,-0.561411,-1.015549,0.010921,0.447623,High
0.738187,1.688149,-1.381144,0.718856,2.230543,High
0.123866,-0.348615,-1.910992,0.954835,1.104488,High
1.184965,-0.62221,-1.444725,-0.579025,1.104488,High
-0.099523,-0.196617,-0.533387,0.541872,0.54146,High
0.514797,-0.257416,-0.125404,0.954835,-0.866108,High
0.403103,-0.07502,-0.978459,-0.461036,0.072271,Low
0.123866,0.137777,-0.861893,0.600867,0.729136,High
-0.099523,-0.196617,-0.533387,0.541872,0.54146,High
0.654416,-0.07502,-0.676446,0.305894,-0.209243,Low
-1.216469,-0.135818,-0.665849,0.010921,0.54146,High
