vol_acidity,tot_sulf_d,density,sulph,alcohol,quality
0.989882,-0.358871,0.65484,-0.61203,-0.984245,5
2.008229,0.72433,0.099684,0.286985,-0.604948,5
1.329331,0.297614,0.210715,0.062232,-0.604948,5
-1.386261,0.49456,0.765871,-0.462194,-0.604948,6
0.989882,-0.358871,0.65484,-0.61203,-0.984245,5
0.763583,-0.161925,0.65484,-0.61203,-0.984245,5
0.424134,0.461736,-0.122378,-1.36121,-0.984245,5
0.707008,-0.785587,-1.121658,-1.286292,-0.415299,7
0.310984,-0.88406,0.099684,-0.537112,-0.88942,7
0.310984,0.658681,-0.399956,-0.761866,-1.173893,5
0.508996,0.461736,-1.288205,-0.911702,-0.510123,5
-1.386261,1.906004,0.1552,0.811411,0.058822,7
0.367559,-0.522993,0.432778,-1.061538,-1.363541,4
-1.72571,0.49456,0.099684,-0.836784,-0.984245,6
-0.763938,0.855627,0.876902,0.062232,-0.699772,5
-0.537638,-0.260398,-0.011347,2.010099,-0.88942,5
-0.198189,0.72433,0.099684,-0.836784,-0.984245,5
-0.707363,-0.161925,0.099684,-0.087604,-0.699772,6
-0.763938,-0.719938,-0.622018,-0.61203,-1.079069,5
-0.650788,-1.113829,-0.233409,-0.387276,-0.88942,5
-0.537638,-0.260398,-0.011347,2.010099,-0.88942,5
1.046457,-0.326047,0.321747,-0.686948,-0.984245,5
0.678721,-0.949708,-0.122378,-0.387276,-0.604948,6
0.848445,1.216694,-0.455471,-0.761866,-0.320475,5
0.90502,-0.260398,-0.011347,-0.537112,0.153646,6
0.735296,2.234247,-0.011347,0.137149,-0.604948,5
-1.159962,0.166317,-0.510987,-0.686948,-1.173893,5
0.424134,-0.982532,0.488293,-0.312358,0.343295,6
-0.820513,-0.490168,0.099684,0.661575,-0.699772,7
0.480709,0.03502,0.543809,-0.98662,-1.079069,4
0.763583,-0.719938,0.099684,4.18272,-0.130827,5
0.820158,-1.113829,-0.233409,-0.911702,-0.88942,5
-0.028465,0.658681,-1.787845,-0.61203,2.524251,4
2.319391,2.267071,0.210715,0.661575,-1.173893,5
-1.329686,-0.260398,0.1552,-0.462194,-0.88942,5
-0.707363,-1.081005,-0.455471,-0.61203,-1.173893,5
-1.216536,1.676234,-0.677534,-0.462194,-1.173893,5
0.763583,-0.719938,0.266231,0.736493,-1.173893,5
-0.028465,-0.982532,-0.566503,-0.087604,-0.984245,6
-0.141615,-1.015357,-0.622018,-0.012686,-0.984245,6
-0.820513,2.431192,0.210715,-0.61203,-0.984245,5
-0.08504,0.921276,-0.622018,-0.087604,-0.225651,6
0.537284,0.002196,0.65484,-0.836784,-0.88942,5
-0.594213,-1.146654,0.266231,-0.087604,-0.794596,5
0.367559,0.297614,0.488293,-0.387276,-0.415299,5
-0.763938,0.03502,-0.233409,-0.761866,-0.984245,6
-0.707363,0.231966,0.765871,-0.012686,-1.173893,5
0.933307,2.201422,0.099684,0.511739,-1.079069,5
-0.028465,-0.326047,0.099684,-0.162522,-0.88942,7
1.187894,0.297614,-0.011347,-0.537112,-0.604948,5
1.131319,-1.113829,-0.233409,-1.885636,0.438119,5
1.131319,-1.113829,-0.233409,-1.885636,0.438119,5
-0.028465,-0.19475,0.099684,-0.462194,-0.794596,5
1.01817,-0.982532,-0.233409,-0.462194,0.24847,5
-1.159962,0.658681,0.1552,1.111083,0.24847,5
1.01817,-0.851235,-0.233409,2.309771,0.058822,6
0.593858,-0.588641,0.044169,-0.761866,-0.88942,6
0.820158,1.676234,-0.233409,-1.211374,-0.88942,5
0.933307,1.610585,-0.288925,-1.211374,-0.88942,5
0.848445,-0.063453,0.543809,-0.836784,-1.173893,4
-1.159962,1.249518,0.987933,1.335837,-0.794596,5
-0.650788,-0.096277,1.098965,0.137149,0.058822,5
-0.650788,-0.096277,1.098965,0.137149,0.058822,5
1.470768,-0.490168,-0.011347,-0.686948,0.24847,6
1.272756,1.151046,-0.455471,-0.911702,-0.320475,5
0.565571,2.431192,0.321747,3.583377,-1.268717,4
-0.424489,-0.982532,-0.455471,-0.61203,-1.173893,5
-0.141615,0.921276,0.210715,-0.537112,-1.268717,5
-1.273111,0.527384,-0.399956,1.036165,-0.130827,6
0.14126,-0.161925,-0.288925,-0.387276,-0.320475,5
-0.198189,-0.457344,-0.011347,-0.012686,-0.794596,5
-0.763938,2.628138,0.65484,4.332556,-0.88942,5
0.537284,-0.687114,0.65484,-0.836784,-1.363541,5
-0.028465,3.120502,-0.122378,-0.761866,-0.88942,5
-0.198189,-0.457344,-0.011347,-0.012686,-0.794596,5
2.800277,1.315167,-1.565783,-1.211374,0.058822,4
0.424134,2.004477,-1.898876,-0.312358,2.334603,6
1.414194,-0.719938,-0.066862,-0.61203,0.24847,5
-0.141615,-0.752762,-0.177894,-0.087604,-1.173893,5
2.121379,-1.146654,0.044169,-0.61203,-0.604948,5
0.112972,-0.326047,0.321747,-0.387276,-1.363541,6
0.480709,0.166317,0.321747,-0.23744,-0.225651,6
-0.141615,-0.752762,-0.399956,-0.61203,-0.036002,6
0.112972,-0.326047,0.321747,-0.387276,-1.363541,6
0.282697,0.658681,0.044169,-0.98662,-1.173893,5
-0.198189,-0.293223,-0.34444,-1.211374,-0.984245,5
0.282697,0.658681,0.044169,-0.98662,-1.173893,5
0.593858,0.625857,0.1552,1.111083,-1.079069,5
-1.103387,1.151046,0.543809,1.186001,-0.794596,6
1.470768,3.547218,0.1552,0.361903,-1.079069,5
0.197835,0.067844,-0.122378,2.159935,-0.88942,5
0.537284,2.070125,-0.122378,0.137149,-0.604948,5
0.424134,2.168598,-0.122378,0.137149,-0.604948,5
-1.216536,0.03502,1.209996,0.212067,-0.699772,6
0.197835,0.067844,-0.122378,2.159935,-0.88942,5
-0.707363,0.560209,-0.011347,-0.087604,0.058822,6
0.084685,-0.161925,0.65484,-0.23744,-0.415299,6
0.197835,-0.555817,0.210715,-1.061538,-0.984245,6
0.14126,0.363263,-0.233409,-0.312358,0.438119,6
0.933307,1.446464,-0.399956,-0.761866,-1.173893,6
0.14126,0.363263,-0.233409,-0.312358,0.438119,6
0.961595,-1.048181,0.765871,-0.911702,-1.173893,5
1.046457,-0.358871,0.543809,-0.836784,-0.88942,5
-0.141615,1.87318,-0.34444,-1.211374,-0.88942,5
0.537284,1.479288,0.987933,0.436821,-0.984245,5
4.554097,-1.081005,-0.122378,-1.136456,0.438119,5
4.554097,-1.081005,-0.122378,-1.211374,0.438119,5
0.367559,-0.949708,-0.233409,2.085017,0.058822,7
-0.820513,-0.851235,-0.622018,-0.537112,-0.984245,5
1.244469,2.923557,0.099684,0.137149,-0.984245,5
-0.141615,1.774707,-1.621298,-0.087604,2.429427,5
-0.141615,1.774707,-1.621298,-0.087604,2.429427,5
-0.141615,-0.621465,-0.788565,-0.462194,-0.604948,6
2.913427,-0.522993,-0.399956,-0.686948,-0.510123,6
1.244469,0.593033,-0.066862,1.335837,-0.794596,5
1.074745,0.231966,0.099684,0.961247,-0.88942,5
-0.622501,0.002196,0.321747,-0.012686,-1.173893,5
0.197835,1.971652,-0.233409,-0.761866,-0.88942,5
0.197835,2.070125,-0.233409,-0.761866,-0.88942,5
1.244469,0.593033,-0.066862,1.335837,-0.794596,5
1.074745,0.231966,0.099684,0.961247,-0.88942,5
-1.046812,0.593033,-2.787125,1.111083,3.377669,6
-0.763938,-0.818411,-0.677534,-0.462194,-0.984245,5
-1.046812,0.593033,-2.787125,1.111083,3.377669,6
0.820158,3.153326,0.099684,-0.162522,-0.984245,5
0.876733,1.610585,-1.232689,-0.911702,-0.415299,5
-0.198189,-0.490168,-0.399956,-0.462194,-0.225651,6
-0.707363,-0.063453,0.488293,-0.23744,0.058822,6
-1.103387,-1.113829,-0.455471,-0.836784,-0.130827,6
0.424134,1.774707,-0.899596,-0.761866,-0.320475,5
0.424134,1.774707,-0.899596,-0.761866,-0.320475,5
0.876733,-0.752762,0.1552,-1.061538,-1.079069,5
0.424134,1.347991,0.099684,-0.537112,-1.079069,6
2.404253,-0.818411,-0.399956,-0.61203,-0.794596,5
0.876733,-0.818411,-0.066862,3.283705,-1.173893,4
0.02811,-0.457344,-0.122378,-0.61203,-0.415299,6
0.593858,1.676234,-0.288925,-0.162522,-0.88942,5
0.650433,1.840355,-0.566503,-0.911702,-0.225651,5
0.14126,-0.096277,-0.566503,-1.211374,-1.363541,4
0.593858,-0.030628,-0.733049,-0.686948,-0.036002,6
2.036517,-1.212302,0.321747,-2.335144,-1.268717,4
-0.594213,-0.88406,0.321747,-0.23744,-1.173893,6
-0.594213,-0.88406,0.321747,-0.23744,-1.173893,6
0.537284,-0.096277,-0.288925,-0.537112,1.007064,6
-0.820513,-0.326047,-0.288925,-1.286292,-0.88942,5
-0.141615,0.133493,-0.455471,1.036165,-0.88942,5
-0.820513,-0.326047,-0.288925,-1.286292,-0.88942,5
-0.028465,-0.227574,0.321747,-0.23744,0.058822,6
1.583918,-0.818411,0.1552,-0.61203,-0.794596,5
0.480709,-0.096277,0.1552,-0.387276,-0.88942,5
0.480709,-0.096277,0.1552,-0.387276,-0.88942,5
1.159607,-0.096277,0.321747,-0.911702,-1.079069,5
0.480709,0.658681,0.266231,-0.462194,-1.079069,5
0.537284,0.560209,0.210715,-0.462194,-1.079069,6
-1.216536,1.315167,0.266231,-0.836784,-0.699772,5
-0.763938,0.72433,0.321747,-0.686948,-1.173893,5
1.01817,-0.621465,0.543809,-1.136456,-0.699772,5
-0.141615,3.218975,0.099684,-0.686948,-0.88942,5
-0.198189,3.251799,0.099684,-0.686948,-0.88942,5
-0.141615,2.693787,0.543809,-0.162522,-0.984245,5
-0.877087,0.133493,0.432778,-0.162522,-0.604948,6
0.593858,2.660962,0.1552,-0.23744,-0.88942,5
0.14126,-0.555817,-0.122378,-0.686948,-0.699772,5
0.14126,-0.555817,-0.122378,-0.686948,-0.699772,5
0.367559,2.464017,0.099684,-0.761866,-0.984245,5
0.310984,0.330439,0.099684,-0.387276,-0.225651,5
-1.273111,-0.588641,0.821387,2.459607,-0.320475,6
1.753643,1.577761,-2.343001,1.560591,2.429427,7
3.196301,-0.457344,-1.010627,-1.585964,0.91224,4
-1.159962,-0.687114,0.182958,1.335837,-0.130827,7
-0.877087,3.284624,0.488293,2.909115,-1.079069,5
-0.141615,0.133493,-0.649776,1.111083,-0.88942,5
-0.594213,-0.19475,-0.288925,-0.686948,-1.173893,5
-0.537638,-0.260398,-0.261167,-0.61203,-1.173893,6
-1.273111,-0.555817,1.543089,0.961247,0.343295,7
-1.273111,-0.555817,1.543089,0.961247,0.343295,7
0.254409,2.464017,-0.205651,-0.836784,-1.079069,5
-0.481064,1.64341,-0.011347,0.212067,-0.984245,5
-1.273111,-0.851235,0.765871,1.785345,0.058822,7
0.02811,-0.851235,-0.427714,1.635509,1.860482,6
1.131319,0.560209,0.127442,-0.61203,-0.415299,6
-0.481064,-0.982532,0.765871,0.212067,-0.225651,6
0.254409,0.658681,-0.399956,-1.585964,-0.320475,5
1.187894,-0.129101,0.432778,0.511739,-0.604948,6
0.565571,0.133493,-0.233409,-0.537112,0.532943,5
1.131319,-0.129101,0.044169,-0.686948,-1.268717,5
-0.198189,-0.030628,-0.510987,-0.761866,-0.699772,5
0.02811,3.251799,-0.039105,-0.312358,-0.88942,5
-1.046812,0.428912,-0.122378,-0.387276,-0.984245,6
0.02811,0.888451,-0.510987,-0.537112,-0.984245,5
0.480709,-1.146654,-0.760807,-0.312358,-0.88942,5
0.678721,-0.555817,0.849145,-0.312358,-0.415299,6
0.622146,0.330439,0.460536,-0.537112,-0.036002,4
-0.537638,0.593033,-0.261167,-0.462194,0.058822,6
1.66878,-0.719938,0.987933,-0.087604,-0.604948,5
-0.537638,0.593033,-0.261167,-0.462194,0.058822,6
-0.028465,-0.260398,0.127442,-1.061538,0.532943,5
-0.254764,2.004477,-2.176454,-0.162522,1.670834,7
-0.820513,0.133493,-0.205651,-0.911702,-0.510123,6
-0.877087,0.428912,0.765871,0.436821,-0.794596,6
-0.028465,-0.260398,0.127442,-1.061538,0.532943,5
2.687128,-0.260398,0.127442,-0.686948,-1.363541,6
0.593858,-0.227574,0.071927,-0.462194,-1.363541,6
0.593858,-0.227574,0.071927,-0.462194,-1.363541,6
0.678721,-0.19475,0.071927,-0.462194,-1.173893,6
0.593858,-0.227574,0.071927,-0.462194,-1.363541,6
2.687128,-0.260398,0.127442,-0.686948,-1.363541,6
-0.820513,-0.687114,1.459816,0.511739,0.438119,6
0.310984,2.10295,-0.538745,-1.136456,-0.604948,6
-1.782285,-0.687114,1.90394,1.485673,-1.173893,7
-1.782285,-0.687114,1.90394,1.485673,-1.173893,7
0.763583,-0.719938,0.932418,2.384689,-0.510123,6
0.876733,0.199142,0.127442,-0.911702,-0.88942,5
0.424134,0.921276,-0.177894,-1.436128,-1.079069,5
0.02811,-0.19475,-0.261167,-1.211374,-0.604948,6
0.763583,-0.719938,0.932418,2.384689,-0.510123,6
-1.159962,-0.260398,1.043449,1.036165,-0.415299,6
0.424134,-0.358871,0.321747,0.436821,-0.510123,6
-0.990237,-0.785587,1.098965,-0.836784,0.058822,5
1.414194,1.347991,-0.399956,-0.387276,-0.88942,5
0.424134,-0.358871,0.321747,0.436821,-0.510123,6
0.254409,2.431192,0.071927,-0.537112,-1.079069,5
-1.046812,-1.048181,0.765871,-0.162522,-1.173893,5
0.961595,0.363263,0.099684,0.212067,-1.173893,5
-1.216536,-0.391695,1.681878,1.186001,0.058822,7
-1.103387,0.002196,-0.205651,0.062232,-1.079069,5
2.54569,0.72433,-0.538745,-0.312358,-0.984245,4
-0.028465,-0.326047,-0.483229,-0.537112,-0.415299,5
-0.877087,0.133493,-0.177894,0.212067,-1.079069,5
0.197835,-0.588641,1.820667,1.710427,0.438119,5
-1.499411,-1.146654,0.099684,0.586657,-0.225651,7
1.951655,0.527384,2.014972,0.586657,-0.604948,4
-0.990237,-0.260398,0.377262,1.635509,2.239779,8
0.084685,-0.588641,1.15448,2.010099,-0.984245,6
-1.952009,-0.719938,1.65412,2.459607,-0.320475,6
0.112972,0.527384,-0.066862,0.212067,0.24847,6
-1.952009,-0.719938,1.65412,2.459607,-0.320475,6
-0.877087,0.658681,1.515331,1.036165,-0.320475,5
1.074745,-0.227574,0.40502,-0.012686,-0.984245,5
0.112972,0.527384,-0.066862,0.212067,0.24847,6
0.084685,-0.588641,1.15448,2.010099,-0.984245,6
-1.952009,-0.719938,1.65412,2.459607,-0.320475,6
-1.499411,-0.851235,1.098965,1.335837,-1.079069,6
-0.028465,0.26479,0.266231,-0.537112,-1.268717,5
0.367559,0.855627,1.959456,0.511739,-0.604948,5
0.367559,0.855627,1.959456,0.511739,-0.604948,5
-0.424489,0.133493,1.709636,0.886329,-0.130827,6
-0.707363,0.26479,0.044169,0.436821,-0.130827,6
-0.028465,0.133493,0.543809,1.635509,0.153646,7
-0.594213,1.741883,2.431338,2.309771,-1.173893,5
-0.028465,0.133493,0.543809,1.635509,0.153646,7
0.14126,0.100669,1.543089,-0.012686,-0.130827,6
-0.933662,-0.949708,-0.122378,-0.312358,-0.320475,6
-1.046812,0.26479,2.653401,1.260919,-0.88942,6
-0.141615,-0.588641,1.931698,-0.012686,-0.88942,5
1.725355,0.822803,0.821387,-0.911702,-0.510123,5
0.593858,-0.522993,1.071207,0.661575,-0.794596,5
0.707008,-0.457344,1.487574,1.186001,-0.699772,5
0.820158,-0.391695,1.015691,0.511739,-0.794596,5
0.02811,-0.030628,-0.066862,-0.387276,0.24847,6
-1.952009,-0.982532,0.377262,-0.012686,-0.320475,6
1.01817,-0.555817,1.543089,0.586657,-0.415299,5
0.707008,1.479288,0.377262,-0.911702,-1.173893,5
0.02811,-0.65429,1.765151,-0.387276,-1.079069,6
0.537284,0.297614,-0.011347,-0.911702,-0.984245,5
-1.329686,-0.490168,0.099684,-0.836784,-0.88942,6
0.02811,-0.65429,1.765151,-0.387276,-1.079069,6
0.02811,1.971652,-0.34444,-0.761866,-0.984245,6
-0.367914,1.741883,0.849145,-0.087604,-0.88942,6
-0.311339,2.956381,0.543809,-0.836784,-0.984245,5
-0.933662,0.888451,-0.09462,0.286985,0.532943,5
-0.990237,0.26479,-0.233409,0.062232,0.532943,6
0.197835,1.544937,1.65412,0.062232,-0.320475,5
1.385906,0.9541,1.126722,-0.012686,-0.036002,6
0.763583,0.461736,1.265511,0.511739,1.007064,7
1.385906,0.9541,1.126722,-0.012686,-0.036002,6
0.763583,0.461736,1.265511,0.511739,1.007064,7
0.480709,1.380816,1.737394,-0.162522,-0.699772,5
0.537284,-0.88406,0.40502,-0.087604,-1.079069,5
0.367559,0.921276,1.321027,0.436821,-0.88942,6
0.02811,-1.015357,0.65484,0.736493,1.007064,7
-0.481064,-1.048181,0.765871,1.410755,1.007064,5
-1.442836,-0.785587,1.987214,0.212067,-0.699772,6
-0.367914,-0.982532,0.821387,-0.162522,-0.88942,5
-0.933662,-0.129101,0.765871,0.137149,1.955306,6
-0.933662,-0.129101,0.765871,0.137149,1.955306,6
0.310984,2.267071,0.377262,-0.761866,-0.984245,6
0.197835,-0.030628,-0.455471,-0.911702,0.532943,5
0.707008,-0.227574,-0.177894,0.736493,1.196712,7
0.961595,-0.785587,1.432058,1.485673,1.670834,7
-0.537638,-0.949708,-1.010627,0.436821,1.955306,6
-0.537638,0.428912,0.432778,-0.012686,-0.130827,5
-0.198189,1.774707,2.320307,2.684361,1.007064,6
-1.046812,-0.785587,1.876183,4.032884,-1.173893,6
-0.594213,-0.88406,0.321747,1.710427,0.817416,6
-0.763938,-1.015357,0.876902,0.811411,-0.604948,6
-0.763938,-1.015357,0.876902,0.811411,-0.604948,6
0.254409,-0.42452,2.209276,1.036165,0.24847,6
0.90502,0.593033,0.710356,1.260919,-0.510123,5
1.640493,-0.358871,-0.622018,1.860263,1.765658,7
-0.198189,-0.982532,1.098965,2.159935,1.481185,6
0.197835,0.03502,0.710356,2.085017,-0.415299,6
1.470768,-0.555817,1.543089,1.635509,-0.984245,6
0.820158,-0.358871,2.098245,2.534525,-0.510123,6
1.527343,-0.621465,1.543089,1.410755,-0.984245,6
0.79187,-0.851235,0.432778,0.661575,-1.079069,5
-1.782285,3.941109,-3.009188,-0.387276,1.386361,6
1.272756,-0.42452,-0.622018,-0.23744,2.239779,6
-0.650788,0.330439,1.931698,1.785345,0.532943,5
-0.594213,-0.522993,0.210715,0.811411,1.196712,7
-0.537638,-0.719938,1.876183,1.560591,-0.036002,7
-0.820513,-0.129101,2.431338,0.286985,-0.604948,6
0.989882,1.18387,0.377262,0.436821,-0.984245,5
-0.424489,0.166317,0.876902,2.010099,-0.510123,6
0.310984,-0.260398,1.432058,-0.61203,-0.415299,5
-0.367914,-0.982532,1.209996,1.710427,-0.225651,5
-0.594213,-0.785587,0.710356,2.159935,1.291537,6
0.282697,-0.687114,1.876183,0.361903,-1.363541,5
-1.442836,-0.88406,-0.233409,3.658294,1.481185,7
1.357619,0.593033,0.488293,1.036165,-0.510123,5
-1.61256,-0.65429,0.044169,1.710427,-1.648014,6
-1.386261,0.03502,0.044169,2.984033,0.153646,6
0.14126,0.888451,-0.399956,-0.087604,-1.173893,5
-0.650788,0.067844,2.653401,1.260919,0.343295,6
0.084685,-0.982532,0.987933,1.410755,1.291537,7
-0.424489,0.067844,2.042729,3.508459,0.532943,6
-1.442836,-0.88406,-0.233409,3.658294,1.481185,7
-0.594213,0.49456,0.710356,0.436821,0.343295,6
-1.499411,-0.588641,0.432778,1.186001,-0.984245,6
-0.622501,-0.063453,2.653401,1.186001,-0.415299,6
-1.499411,-0.588641,0.432778,1.186001,-0.984245,6
-1.499411,-0.588641,0.432778,1.186001,-0.984245,6
-0.08504,0.297614,0.765871,0.736493,-1.173893,5
0.593858,-0.260398,0.710356,0.886329,-0.699772,6
0.084685,0.100669,0.821387,0.736493,-1.173893,6
0.763583,-0.096277,0.321747,-0.761866,-0.794596,6
-0.367914,0.26479,0.821387,0.736493,-1.173893,6
-0.820513,0.133493,0.876902,0.436821,-0.415299,7
1.838505,1.41364,-2.343001,1.335837,2.334603,8
-0.622501,-0.063453,2.653401,1.186001,-0.415299,6
-0.877087,-0.621465,0.765871,-0.98662,-0.88942,5
0.79187,1.64341,0.210715,-0.761866,-1.268717,5
0.424134,-0.65429,1.709636,-0.537112,-0.510123,5
-0.877087,-0.227574,2.098245,-0.312358,2.429427,7
0.367559,0.133493,1.209996,0.062232,0.532943,6
0.367559,0.133493,1.209996,0.062232,0.532943,6
1.357619,-0.096277,-0.177894,-0.686948,-0.984245,5
-1.499411,-0.227574,-0.955112,-1.286292,0.343295,6
-0.254764,0.625857,1.876183,-0.23744,0.058822,6
0.424134,-0.129101,1.543089,-0.087604,0.058822,6
0.933307,-0.588641,0.432778,-0.23744,-1.268717,5
-1.216536,-0.65429,-0.011347,0.886329,-0.320475,6
-0.481064,-0.555817,0.821387,0.062232,0.343295,6
-0.763938,-0.490168,1.65412,-0.087604,0.343295,7
-0.367914,0.133493,0.821387,-0.537112,-0.794596,4
-0.537638,1.347991,1.15448,-0.162522,-0.88942,6
-0.424489,1.085397,1.15448,-0.162522,-0.88942,5
1.187894,1.052573,-0.011347,-0.012686,-1.079069,5
-0.028465,2.529665,0.876902,-0.23744,-0.88942,5
-0.254764,-0.818411,0.210715,0.137149,1.196712,6
0.310984,2.595314,-0.566503,-1.211374,0.058822,5
-0.820513,-0.818411,1.65412,0.886329,-0.036002,6
1.385906,0.231966,0.543809,0.286985,-0.510123,5
0.197835,0.72433,0.321747,0.661575,1.291537,7
1.78193,0.100669,-0.788565,-0.61203,1.765658,7
2.460828,0.49456,-0.622018,-1.511046,0.438119,5
-1.61256,-0.687114,0.65484,1.935181,0.532943,7
2.460828,0.49456,-0.622018,-1.511046,0.438119,5
1.78193,0.100669,-0.788565,-0.61203,1.765658,7
0.820158,0.100669,-0.955112,-1.136456,0.91224,6
1.442481,-0.42452,1.209996,-0.61203,0.153646,6
-0.028465,-0.490168,0.65484,-0.312358,-1.079069,5
1.78193,-0.326047,1.709636,-0.312358,-0.036002,6
-1.61256,-0.687114,0.65484,1.935181,0.532943,7
0.14126,0.691506,0.432778,-0.61203,-1.173893,5
-0.877087,-0.687114,-0.455471,0.062232,2.239779,6
-0.763938,-0.88406,2.098245,-1.136456,-0.88942,5
-0.650788,0.297614,1.65412,1.860263,-0.510123,6
-0.763938,-0.88406,2.098245,-1.136456,-0.88942,5
0.820158,0.560209,-0.455471,-0.61203,-0.225651,6
-0.424489,-0.752762,1.098965,0.137149,0.722591,6
-0.650788,0.297614,1.65412,1.860263,-0.510123,6
0.537284,0.166317,-0.84408,-0.312358,-1.079069,5
-1.216536,-0.522993,1.15448,1.335837,-0.604948,8
-0.707363,-0.588641,1.209996,0.286985,0.817416,6
-0.481064,-0.851235,-0.177894,-0.087604,1.101888,7
0.254409,-0.588641,-1.787845,1.485673,1.955306,7
1.187894,-0.457344,1.098965,-0.61203,-0.320475,6
-0.820513,0.888451,1.65412,0.661575,0.058822,5
-0.254764,-0.949708,0.099684,0.586657,0.722591,5
0.02811,-0.588641,0.044169,-0.61203,-0.225651,6
-0.763938,-0.326047,1.543089,-0.23744,0.343295,6
-0.763938,-0.326047,1.543089,-0.23744,0.343295,6
0.197835,-0.326047,0.099684,-0.087604,-0.415299,6
-1.103387,-0.752762,1.765151,0.736493,0.722591,7
-1.669135,0.72433,-0.788565,-0.087604,0.627767,5
0.367559,-0.752762,1.098965,-0.462194,-0.130827,5
0.593858,0.658681,1.209996,-0.462194,-0.794596,5
-1.103387,-0.752762,1.765151,0.736493,0.722591,7
0.310984,0.067844,2.320307,-0.537112,-1.363541,3
-0.537638,-0.719938,0.543809,-0.23744,0.817416,6
0.508996,-0.851235,0.876902,-0.23744,-1.079069,5
-1.499411,-0.65429,0.210715,-0.23744,1.291537,5
0.763583,2.759435,0.321747,-0.836784,-1.363541,5
-1.188249,-0.982532,1.15448,0.436821,-1.173893,6
-1.329686,-0.621465,2.209276,2.010099,-0.699772,5
-0.141615,0.199142,0.876902,0.586657,1.007064,6
-0.367914,-0.88406,-1.066143,1.111083,3.377669,6
-0.933662,-0.785587,1.876183,-0.162522,-1.173893,6
1.66878,0.100669,-0.788565,-0.462194,-0.604948,5
-1.159962,0.067844,1.65412,-0.23744,0.153646,5
0.084685,0.231966,0.210715,0.511739,0.91224,6
-0.877087,0.757154,1.598605,1.335837,-0.036002,6
-0.990237,-1.015357,0.266231,1.111083,0.153646,5
-1.386261,-0.687114,0.876902,1.860263,-0.984245,6
0.876733,-0.555817,1.209996,-0.312358,-0.225651,5
-1.442836,-0.949708,0.765871,0.436821,-0.699772,5
-1.61256,-0.818411,0.599324,3.133869,0.532943,6
0.876733,-0.555817,1.209996,-0.312358,-0.225651,5
0.90502,-0.457344,0.987933,0.436821,-0.320475,6
-1.273111,-0.916884,-0.122378,2.085017,1.196712,8
-0.481064,-0.687114,0.210715,0.137149,2.808724,6
0.820158,-0.916884,0.543809,-1.286292,-0.415299,5
0.820158,-0.916884,0.543809,-1.286292,-0.415299,5
0.678721,-1.015357,0.876902,-1.660882,-0.415299,6
-1.159962,0.72433,1.987214,2.085017,0.343295,7
-0.763938,-0.621465,0.987933,0.811411,-0.225651,6
1.414194,0.363263,0.987933,0.212067,0.153646,6
-0.650788,-0.65429,-0.788565,1.111083,2.7139,7
-0.707363,-0.588641,-0.899596,1.935181,2.808724,7
0.933307,1.18387,1.987214,0.736493,1.101888,6
-0.990237,-0.949708,0.321747,0.062232,0.532943,8
-0.028465,-0.227574,0.987933,0.062232,-1.363541,6
-1.046812,2.234247,-0.011347,1.111083,0.627767,5
-0.990237,-0.949708,0.321747,0.062232,0.532943,8
0.933307,1.18387,1.987214,0.736493,1.101888,6
-0.028465,-0.227574,0.987933,0.062232,-1.363541,6
-1.499411,-0.687114,0.543809,2.984033,0.438119,7
-1.61256,-0.752762,0.543809,3.058951,0.343295,7
-0.198189,-0.621465,0.099684,1.036165,1.955306,7
-1.61256,-0.785587,0.543809,2.834197,0.343295,7
0.820158,-1.048181,1.876183,0.511739,-0.88942,6
0.367559,0.560209,1.543089,-0.087604,-0.225651,6
-1.329686,-0.063453,1.098965,0.286985,0.91224,7
-0.594213,-0.063453,0.65484,-0.23744,-0.88942,5
0.367559,0.560209,1.543089,-0.087604,-0.225651,6
-0.707363,0.133493,0.765871,1.260919,-0.699772,6
-0.08504,-0.982532,0.377262,0.137149,1.291537,7
-0.08504,-0.982532,0.377262,0.137149,1.291537,7
0.424134,-1.015357,2.431338,0.736493,1.386361,6
-1.782285,-0.42452,0.321747,0.286985,1.196712,6
-0.905375,2.004477,-0.011347,1.036165,0.532943,5
-1.555986,-0.391695,0.876902,1.935181,-0.415299,6
-0.650788,-0.063453,0.765871,-0.012686,-1.268717,5
-0.763938,2.890732,0.710356,2.609443,-0.604948,5
-0.707363,3.186151,0.65484,-0.686948,-0.984245,5
-0.537638,2.33272,0.543809,-0.012686,-0.88942,5
0.650433,0.26479,1.765151,0.212067,-0.510123,5
-0.905375,2.004477,-0.011347,1.036165,0.532943,5
-0.820513,1.315167,-0.233409,0.961247,0.91224,6
-0.594213,0.330439,1.209996,0.811411,-1.648014,6
0.593858,-0.391695,0.432778,-0.537112,-0.984245,5
-1.72571,-0.555817,1.321027,1.710427,-0.130827,6
-0.820513,-0.096277,2.098245,-0.23744,-0.130827,5
-0.820513,-0.096277,2.098245,-0.23744,-0.130827,5
-1.442836,-0.391695,-0.566503,0.137149,2.239779,6
-0.254764,-0.42452,1.876183,-0.61203,-0.415299,6
-1.72571,-0.555817,1.321027,1.710427,-0.130827,6
0.593858,-0.391695,0.432778,-0.537112,-0.984245,5
1.697068,-1.048181,0.321747,0.961247,0.24847,6
0.367559,0.067844,1.209996,0.212067,-0.794596,5
1.074745,-0.818411,-0.011347,-0.387276,-0.510123,5
0.763583,0.26479,1.487574,0.586657,0.532943,6
-1.216536,-0.982532,2.320307,1.111083,-1.932487,6
-0.311339,2.004477,0.876902,-0.387276,-1.268717,5
0.14126,-0.555817,0.932418,1.036165,-0.88942,6
-1.216536,-0.785587,1.15448,1.635509,0.24847,6
-0.990237,0.789979,1.543089,0.811411,-0.036002,6
-0.08504,-0.65429,-0.455471,-0.61203,-0.88942,6
-0.537638,0.002196,0.765871,0.661575,-0.415299,6
-0.367914,-0.030628,0.765871,0.736493,-0.415299,6
2.913427,1.676234,-1.787845,-0.162522,1.007064,5
0.02811,-0.916884,1.987214,-0.61203,1.196712,6
0.02811,-0.916884,1.987214,-0.61203,1.196712,6
-0.311339,0.067844,3.04201,0.286985,2.144955,6
0.424134,-0.851235,1.543089,-0.537112,0.91224,5
-0.481064,2.496841,0.65484,-0.462194,-1.173893,5
0.084685,2.135774,0.876902,-0.23744,-1.173893,5
-1.329686,0.49456,0.266231,-0.23744,-0.320475,6
-0.311339,0.067844,3.04201,0.286985,2.144955,6
0.424134,-0.851235,1.543089,-0.537112,0.91224,5
-0.933662,-0.096277,-1.121658,-0.537112,1.196712,6
-0.990237,-0.260398,2.042729,2.010099,0.532943,6
-0.933662,-0.096277,-1.121658,-0.537112,1.196712,6
-1.61256,-0.555817,0.65484,-0.23744,-0.036002,5
0.367559,0.067844,1.376542,-0.61203,-0.794596,4
-1.046812,1.085397,1.432058,0.436821,-0.415299,6
-1.442836,0.03502,1.487574,1.186001,-0.225651,6
-0.141615,-1.015357,0.65484,-0.911702,-0.415299,4
-0.481064,2.168598,0.876902,-0.312358,-0.88942,5
-0.311339,2.135774,0.876902,-0.312358,-0.604948,5
-1.216536,-0.161925,0.543809,-0.98662,-0.604948,6
-0.141615,-1.015357,1.987214,-1.511046,-0.794596,5
-0.141615,-1.015357,1.987214,-1.511046,-0.794596,5
-0.198189,-0.982532,1.876183,-1.585964,-1.173893,5
-1.386261,-0.785587,0.543809,0.137149,-0.510123,7
-1.103387,1.151046,1.987214,0.886329,0.24847,7
-0.08504,-0.227574,0.765871,0.137149,-0.794596,6
-1.216536,0.067844,1.098965,2.834197,0.153646,7
1.159607,1.87318,0.044169,-0.387276,-1.079069,5
-0.594213,0.166317,-2.73161,0.736493,3.377669,8
-1.329686,-1.048181,0.543809,0.736493,0.058822,7
-0.424489,0.986924,1.15448,-0.537112,-0.699772,5
-0.763938,3.415921,-2.454032,-1.061538,1.007064,6
-0.424489,0.986924,1.15448,-0.537112,-0.699772,5
-0.198189,-0.063453,2.098245,-0.462194,-1.363541,5
1.103032,-0.227574,0.65484,-0.836784,-0.88942,5
-0.707363,-0.687114,1.543089,-0.312358,-1.079069,6
0.310984,-0.88406,0.765871,-0.087604,-0.415299,6
0.339272,-0.490168,0.044169,-1.211374,-0.604948,6
0.367559,-0.752762,1.876183,0.436821,-1.079069,6
2.206241,-0.719938,-0.233409,-1.286292,-0.415299,4
-0.367914,-0.326047,2.209276,-0.61203,-1.363541,6
1.753643,-1.015357,0.488293,-0.911702,-1.079069,5
-0.367914,-0.326047,2.209276,-0.61203,-1.363541,6
0.310984,0.593033,0.987933,-0.162522,-1.268717,6
0.424134,-0.687114,0.987933,-0.387276,-1.173893,6
-0.650788,-0.818411,0.377262,1.111083,1.670834,7
-0.254764,0.231966,0.876902,-0.836784,0.058822,6
-0.933662,-0.19475,-0.566503,-0.911702,2.144955,6
-1.61256,0.396087,0.932418,-0.761866,-1.173893,5
-0.820513,-0.949708,2.209276,-0.761866,-0.984245,5
0.650433,-0.522993,-0.066862,-0.312358,-0.415299,6
-0.763938,-0.522993,-0.233409,0.736493,-0.604948,5
0.424134,0.855627,1.709636,-0.537112,-0.699772,5
0.424134,0.855627,1.709636,-0.537112,-0.699772,5
-1.216536,-0.555817,0.876902,2.159935,-0.604948,6
-0.367914,-0.916884,2.209276,0.436821,-0.225651,5
-0.877087,-0.949708,1.209996,1.186001,-1.079069,5
0.084685,2.201422,0.543809,-0.23744,-0.984245,5
0.197835,1.938828,0.543809,-0.162522,-0.984245,5
0.310984,-0.42452,0.432778,-0.686948,-0.88942,5
-0.08504,0.002196,0.432778,2.384689,1.576009,6
0.424134,-0.982532,1.209996,-1.136456,-1.268717,5
0.424134,-0.982532,1.209996,-1.136456,-1.268717,5
0.084685,-0.457344,0.543809,-0.312358,-1.079069,6
0.90502,1.282343,-0.122378,-0.23744,-1.079069,5
0.084685,-0.457344,0.543809,-0.312358,-1.079069,6
-1.386261,-0.851235,1.209996,-0.087604,-0.88942,5
-0.650788,-0.063453,-0.122378,-0.537112,0.058822,6
2.319391,1.347991,2.431338,-0.012686,0.817416,4
-0.990237,1.87318,-0.122378,-0.462194,-0.88942,5
1.78193,-0.391695,-0.677534,-0.686948,-0.699772,5
2.008229,3.350272,0.710356,-0.836784,-0.984245,5
2.036517,3.284624,0.65484,-0.836784,-0.984245,5
2.206241,-0.719938,-0.122378,0.062232,-0.225651,7
0.084685,-0.161925,1.376542,-0.162522,-0.984245,5
0.367559,0.757154,1.432058,-0.087604,-0.88942,5
0.084685,-0.161925,1.376542,-0.162522,-0.984245,5
0.367559,0.757154,1.432058,-0.087604,-0.88942,5
0.084685,-0.161925,1.376542,-0.162522,-0.984245,5
0.820158,-0.818411,0.321747,-0.087604,-0.320475,5
1.810217,-1.015357,0.044169,-0.462194,0.532943,4
-0.254764,-0.555817,-0.122378,0.212067,0.722591,7
-0.537638,-0.42452,1.098965,-1.061538,-0.794596,5
2.008229,3.612866,2.431338,0.212067,0.722591,5
-1.103387,-0.490168,0.543809,-0.761866,1.481185,6
-0.311339,-0.522993,0.710356,-1.36121,-0.88942,5
0.14126,0.26479,2.098245,-0.23744,-0.984245,5
-0.537638,-0.42452,1.098965,-1.061538,-0.794596,5
-0.141615,-0.096277,0.765871,0.286985,0.058822,7
-0.028465,-0.818411,0.377262,1.260919,-0.794596,6
1.78193,-1.048181,0.210715,-0.537112,0.532943,4
-0.028465,-0.818411,0.377262,1.260919,-0.794596,6
-0.594213,-0.096277,0.65484,-0.012686,-1.363541,5
0.254409,-0.588641,0.321747,0.436821,-0.794596,6
-1.386261,-1.048181,0.432778,1.111083,-0.225651,6
-0.707363,0.297614,1.876183,0.137149,-0.225651,5
0.367559,0.100669,0.821387,-0.61203,-0.699772,5
-1.046812,-0.982532,1.209996,0.137149,-1.173893,6
1.159607,-0.457344,-0.011347,-0.537112,0.532943,5
-1.046812,-0.982532,1.209996,0.137149,-1.173893,6
-0.707363,0.002196,-0.399956,-0.462194,-0.415299,5
1.159607,-1.048181,0.099684,-0.911702,-0.88942,5
4.044924,3.481569,0.765871,-0.836784,-0.88942,5
1.159607,-1.048181,0.099684,-0.911702,-0.88942,5
-0.707363,-0.916884,0.987933,0.212067,-1.079069,6
-0.650788,-0.457344,0.987933,0.062232,-0.225651,5
-0.707363,-0.916884,0.987933,0.212067,-1.079069,6
1.555631,-0.457344,0.710356,-1.211374,-0.510123,5
1.442481,1.380816,0.932418,-0.836784,-0.415299,5
-1.499411,0.133493,0.321747,-0.761866,-0.794596,5
-0.537638,-0.161925,2.098245,-1.136456,-1.363541,5
-0.424489,-0.522993,-0.233409,-1.136456,-0.225651,6
-0.367914,0.428912,0.765871,-0.761866,-0.604948,5
1.442481,-0.982532,0.210715,-0.61203,0.817416,5
2.573978,3.514393,0.765871,-1.211374,-0.984245,5
1.442481,-0.982532,0.210715,-0.61203,0.817416,5
0.707008,-0.161925,0.210715,-0.312358,-1.268717,5
0.650433,-0.227574,1.765151,-0.387276,-0.699772,5
0.763583,-1.179478,-0.233409,-1.286292,-0.984245,5
3.733762,-1.015357,-0.011347,-0.761866,0.24847,3
2.234529,1.577761,1.765151,-0.761866,-0.604948,5
-0.254764,2.529665,0.987933,-0.162522,-0.984245,5
-0.311339,2.628138,0.987933,-0.23744,-0.984245,5
-0.311339,-0.030628,-2.509548,-0.162522,2.239779,6
0.707008,-0.65429,0.321747,0.212067,-0.88942,6
0.707008,-0.65429,0.321747,0.212067,-0.88942,6
0.508996,0.888451,1.931698,-0.836784,-0.699772,5
-0.820513,-0.851235,1.098965,-0.162522,0.343295,6
2.800277,1.41364,0.987933,-0.537112,-0.320475,6
0.707008,-0.65429,0.321747,0.212067,-0.88942,6
0.650433,-0.719938,0.210715,0.212067,-0.984245,6
-0.820513,1.282343,0.321747,0.436821,-0.794596,4
1.357619,-1.015357,0.765871,-0.761866,-0.699772,4
1.442481,-0.851235,-0.566503,-1.286292,-0.415299,5
-0.198189,-0.260398,-0.011347,-0.98662,0.058822,5
0.112972,-0.326047,-0.34444,-0.23744,1.101888,6
-1.216536,-0.391695,0.932418,0.137149,-0.415299,6
2.828565,1.282343,1.043449,-0.537112,-0.320475,5
0.226122,2.201422,1.765151,-0.23744,-0.88942,5
0.933307,-0.391695,1.432058,-1.436128,-0.984245,5
-0.537638,0.100669,0.543809,-1.36121,-0.984245,5
1.216182,1.052573,0.765871,-0.98662,-0.604948,5
-0.198189,-0.358871,0.044169,-1.211374,-1.173893,6
-0.537638,0.100669,0.543809,-1.36121,-0.984245,5
-0.367914,0.133493,0.099684,-0.537112,-0.415299,5
0.197835,-0.752762,0.543809,-1.511046,-0.794596,5
0.763583,0.002196,0.543809,-0.761866,-0.88942,5
0.197835,-0.752762,0.543809,-1.511046,-0.794596,5
-0.254764,2.004477,0.876902,-0.836784,-1.173893,5
-0.594213,0.100669,0.099684,-0.387276,-0.415299,5
3.337738,-1.081005,-0.455471,-0.312358,0.722591,4
0.763583,-1.048181,0.543809,-0.686948,-0.036002,5
1.103032,0.133493,1.543089,0.586657,0.627767,6
0.254409,-1.113829,0.210715,0.286985,-0.88942,5
0.254409,-1.113829,0.210715,0.286985,-0.88942,5
1.923367,0.428912,-0.899596,-1.136456,2.144955,6
1.979942,-1.015357,1.543089,-0.911702,1.007064,5
1.753643,-0.851235,-0.011347,-1.286292,-0.794596,5
-0.424489,0.888451,0.765871,-0.312358,-0.88942,5
0.197835,-0.19475,1.15448,-0.162522,-1.079069,5
2.489116,-0.752762,-0.177894,-1.061538,-0.88942,5
2.489116,-0.752762,-0.177894,-1.061538,-0.88942,5
0.367559,0.428912,1.987214,0.062232,-1.079069,6
-0.367914,1.938828,0.932418,-0.61203,-1.173893,5
0.933307,-0.227574,1.321027,-0.312358,-1.079069,5
1.329331,-0.949708,-0.066862,0.286985,1.007064,6
0.02811,3.087678,0.699252,-0.537112,-0.88942,5
0.508996,-0.88406,0.321747,0.062232,-1.173893,5
-0.650788,1.840355,2.00942,-0.836784,-0.415299,5
-0.763938,1.840355,1.931698,-0.98662,-0.88942,5
-0.08504,-0.555817,0.588221,0.661575,-0.88942,6
-1.046812,0.396087,0.65484,-1.286292,-1.363541,6
-1.103387,0.757154,0.665943,-1.211374,-0.984245,5
-0.141615,-0.457344,0.54936,0.586657,-0.794596,6
-0.08504,-0.555817,0.588221,0.661575,-0.88942,6
0.707008,-0.161925,0.782526,-0.686948,-0.88942,5
0.707008,-0.161925,0.782526,-0.686948,-0.88942,5
0.084685,0.691506,0.682598,-0.23744,-0.984245,5
0.707008,-0.161925,0.782526,-0.686948,-0.88942,5
2.177954,0.067844,-0.760807,-1.585964,0.24847,6
2.573978,-0.391695,-0.966215,-1.36121,0.722591,6
1.951655,-0.457344,-0.033553,-1.061538,-0.604948,5
1.951655,-0.457344,-0.033553,-1.061538,-0.604948,5
-0.594213,1.41364,0.893557,-0.911702,-1.173893,5
0.310984,1.938828,0.649288,-0.537112,-0.699772,5
0.735296,-0.326047,0.421675,-1.660882,-0.794596,5
0.989882,-0.851235,0.216267,-0.836784,-0.415299,6
0.735296,-0.326047,0.421675,-1.660882,-0.794596,5
0.876733,-0.030628,1.254408,-0.686948,-0.88942,6
0.820158,0.100669,1.254408,-0.761866,-0.88942,6
0.367559,0.9541,0.421675,-0.761866,-0.984245,5
0.424134,1.741883,1.531986,-0.162522,-0.88942,5
0.367559,1.610585,0.454984,-0.836784,-0.699772,6
1.103032,-0.42452,0.033066,-0.761866,-0.794596,5
0.367559,1.610585,0.454984,-0.836784,-0.699772,6
0.90502,3.218975,0.65484,-0.686948,-0.984245,5
0.254409,3.251799,0.665943,-0.686948,-0.984245,5
2.687128,-0.949708,-0.422162,-1.36121,-0.415299,5
-0.537638,-0.358871,0.699252,-0.23744,0.058822,5
-0.028465,1.544937,0.460536,-0.312358,-0.604948,5
-0.367914,-0.260398,0.388365,0.062232,-0.604948,5
1.66878,1.676234,0.843593,-0.836784,-0.415299,5
-0.367914,-0.260398,0.388365,0.062232,-0.604948,5
0.367559,1.315167,0.466087,-0.387276,-0.604948,5
-0.990237,0.527384,0.876902,-1.061538,-0.88942,5
-0.990237,0.527384,0.876902,-1.061538,-0.88942,5
0.197835,0.428912,1.376542,-0.61203,-0.320475,6
0.197835,0.428912,1.376542,-0.61203,-0.320475,6
0.593858,2.431192,0.765871,-0.911702,-1.079069,5
-0.877087,1.216694,0.255128,0.286985,-0.699772,6
0.650433,2.792259,0.865799,-0.761866,-0.794596,5
0.480709,1.380816,0.460536,-0.312358,-0.699772,6
0.424134,-1.048181,-0.12793,-0.61203,0.343295,5
-1.442836,-0.621465,-0.727498,-0.836784,1.955306,6
2.064804,0.49456,0.688149,4.032884,-0.225651,5
-0.367914,0.625857,0.466087,0.736493,-0.794596,5
-0.877087,-0.096277,-0.755255,1.260919,0.343295,7
-0.141615,-1.015357,1.15448,-0.911702,0.24847,6
-0.141615,-1.015357,1.15448,-0.911702,0.24847,6
0.480709,2.070125,-0.116826,-0.98662,-0.984245,5
0.14126,-0.916884,0.40502,-1.511046,-0.415299,5
0.339272,1.347991,-2.209763,2.234853,2.334603,7
0.197835,0.03502,0.266231,0.137149,-0.794596,6
-0.028465,-0.88406,0.110787,-0.537112,-0.510123,6
-1.386261,-1.146654,-1.69902,0.436821,2.239779,7
-1.555986,-1.146654,-1.532474,0.511739,1.955306,7
-1.386261,-1.146654,-1.69902,0.436821,2.239779,7
-0.254764,-0.982532,0.171855,-0.686948,-0.130827,6
-0.198189,-1.015357,-0.555399,-1.286292,0.058822,5
-0.141615,-0.687114,1.942801,0.286985,0.438119,6
-0.424489,-0.227574,0.865799,0.511739,0.343295,5
-0.763938,-1.245127,-1.110555,-0.462194,0.91224,4
-0.650788,-0.129101,1.537538,0.886329,0.817416,6
-0.424489,-0.227574,0.865799,0.511739,0.343295,5
-0.08504,-0.490168,0.987933,-0.462194,0.058822,6
-1.329686,-0.588641,-0.649776,0.661575,1.386361,6
1.074745,0.067844,-0.16679,-1.436128,-0.984245,5
0.763583,0.461736,1.742945,-0.761866,-0.794596,5
0.90502,-0.752762,-0.311131,-0.312358,-0.699772,5
-0.594213,-0.096277,-2.820435,0.736493,3.377669,7
0.084685,-0.293223,0.377262,-0.012686,-0.604948,5
0.084685,-0.293223,0.377262,-0.012686,-0.604948,5
-0.254764,-0.949708,0.110787,-0.836784,-0.130827,5
-0.367914,-0.260398,-0.211203,-1.136456,0.24847,5
-1.442836,-1.212302,-0.84408,-0.012686,0.532943,7
-0.367914,-0.260398,-0.211203,-1.136456,0.24847,5
0.254409,0.002196,-1.360375,0.736493,2.144955,8
0.480709,-0.687114,-1.587989,0.961247,0.627767,6
0.90502,-1.179478,-0.16679,-0.686948,0.438119,4
0.480709,-0.687114,-1.587989,0.961247,0.627767,6
-0.481064,0.100669,0.943521,1.635509,-0.510123,3
-0.311339,0.199142,0.965727,1.635509,-0.510123,4
0.90502,-0.719938,0.177406,-1.286292,-0.984245,5
0.79187,0.330439,-0.039105,-0.98662,-1.079069,5
-1.386261,1.807531,-3.320075,-1.885636,1.196712,7
-1.386261,1.807531,-3.320075,-1.885636,1.196712,7
-1.216536,-0.555817,0.055272,1.410755,0.722591,7
-0.141615,-0.621465,-0.083517,-1.286292,-0.415299,5
-0.594213,-0.358871,0.410572,0.961247,1.576009,7
0.763583,-0.457344,-0.183445,-0.087604,-0.130827,5
-0.141615,0.757154,0.255128,0.586657,0.438119,6
0.90502,1.544937,-0.177894,-0.162522,-0.984245,5
-1.555986,-0.096277,-0.399956,1.410755,0.153646,6
0.650433,-0.457344,0.149648,0.137149,-0.604948,5
0.650433,-0.457344,0.149648,0.137149,-0.604948,5
0.876733,-0.19475,0.599324,0.436821,-0.510123,6
0.650433,-0.457344,0.149648,0.137149,-0.604948,5
0.593858,-0.42452,0.149648,0.137149,-0.604948,5
-0.537638,-0.752762,0.255128,-0.686948,-0.88942,5
-0.537638,-0.752762,0.255128,-0.686948,-0.88942,5
-0.594213,2.529665,0.771423,3.208787,-0.699772,5
-0.933662,0.330439,-0.055759,0.661575,0.438119,6
-0.933662,0.330439,-0.055759,0.661575,0.438119,6
1.187894,-1.015357,-0.688637,0.511739,1.196712,7
-0.933662,0.330439,-0.055759,0.661575,0.438119,6
-1.499411,0.067844,-0.37775,1.036165,0.817416,7
-1.386261,-0.42452,0.132994,0.212067,0.153646,7
0.197835,-0.687114,-1.243793,1.335837,0.722591,6
0.537284,1.315167,0.466087,-0.761866,-0.88942,5
2.743702,1.41364,-1.693469,-0.312358,1.007064,6
-0.594213,-0.65429,-0.188997,-1.511046,-0.036002,5
0.537284,1.282343,0.466087,-0.836784,-0.699772,5
0.537284,1.315167,0.466087,-0.761866,-0.88942,5
0.622146,1.347991,0.47719,-0.761866,-0.699772,5
-0.198189,-0.687114,-1.243793,1.410755,0.817416,6
-0.08504,-0.752762,-1.243793,1.485673,0.722591,6
0.197835,-0.687114,-1.243793,1.335837,0.722591,6
0.593858,-0.063453,-0.466575,-0.012686,0.438119,6
1.074745,-0.063453,-1.615747,-0.537112,1.291537,6
0.197835,0.03502,-0.777462,-0.537112,0.153646,5
-0.990237,0.100669,-0.477678,-0.761866,-0.415299,4
-1.782285,-1.146654,-0.610915,-0.462194,0.627767,7
-0.820513,-1.146654,0.010859,0.062232,1.291537,7
-1.216536,-0.949708,-0.266718,1.111083,1.291537,7
-0.311339,-1.015357,-0.80522,-0.462194,0.438119,4
1.074745,-0.063453,-1.615747,-0.537112,1.291537,6
0.480709,0.789979,0.693701,-1.061538,-0.415299,6
0.424134,1.41364,0.460536,-0.686948,-0.88942,5
0.197835,-0.785587,-0.477678,-1.136456,-0.510123,5
1.074745,-0.326047,-0.716395,0.062232,0.91224,6
0.424134,1.41364,0.460536,-0.686948,-0.88942,5
0.480709,0.789979,0.693701,-1.061538,-0.415299,6
1.272756,-0.490168,0.899109,-0.012686,0.058822,5
1.555631,-0.555817,0.965727,0.062232,-0.036002,6
-0.028465,0.363263,-0.472126,1.111083,1.576009,7
0.254409,0.625857,-0.94956,-0.61203,0.722591,6
-1.046812,0.231966,-0.477678,-0.462194,-0.320475,5
0.763583,1.347991,0.449432,-0.537112,-0.699772,5
-0.424489,-0.88406,0.621531,0.062232,-1.079069,6
0.763583,1.347991,0.449432,-0.537112,-0.699772,5
0.593858,1.41364,0.460536,-0.462194,-0.604948,6
0.367559,-0.063453,-0.622018,-0.462194,0.24847,6
-1.216536,-0.063453,-1.210483,0.961247,1.955306,7
0.367559,-0.063453,-0.622018,-0.462194,0.24847,6
-1.216536,-0.063453,-1.210483,0.961247,1.955306,7
2.800277,-1.113829,1.276614,-1.136456,0.532943,3
-1.216536,-0.19475,-0.555399,0.361903,1.291537,5
0.622146,-0.391695,0.410572,0.361903,0.343295,7
0.622146,-0.391695,0.410572,0.361903,0.343295,7
0.310984,2.299895,0.765871,-0.387276,-0.88942,5
0.084685,1.085397,-0.122378,0.511739,0.532943,5
0.197835,-1.179478,-1.010627,-0.761866,1.007064,6
-0.028465,0.527384,-0.744152,-0.387276,0.343295,6
-1.244824,-1.113829,-1.837809,-0.911702,1.007064,6
-0.820513,-1.113829,-0.472126,-0.537112,2.619076,6
-0.367914,-1.212302,0.066375,-0.162522,1.670834,6
-0.73565,-1.146654,-0.12793,-0.012686,1.670834,7
-1.244824,-1.113829,-1.837809,-0.911702,1.007064,6
-1.188249,-1.277951,-0.832977,0.212067,1.386361,6
-0.933662,1.118221,-0.122378,0.586657,0.532943,6
0.537284,0.03502,-0.87739,1.860263,1.291537,6
-0.650788,-0.719938,0.688149,-0.61203,0.058822,5
-0.933662,1.118221,-0.122378,0.586657,0.532943,6
0.537284,0.03502,-0.87739,1.860263,1.291537,6
-0.311339,-0.555817,-0.810771,1.186001,0.722591,5
-1.72571,1.052573,-0.322234,1.710427,0.532943,7
-1.61256,0.921276,0.688149,1.935181,-0.225651,6
0.820158,0.986924,0.410572,-0.387276,-1.173893,4
-0.311339,-0.555817,-0.810771,1.186001,0.722591,5
-1.103387,-0.851235,-1.077246,0.661575,1.481185,7
0.480709,-0.65429,0.466087,0.661575,0.058822,5
0.480709,-0.227574,0.47719,0.062232,-0.604948,5
-0.707363,0.691506,0.266231,-0.387276,-0.88942,6
0.480709,-0.227574,0.47719,0.062232,-0.604948,5
0.480709,-0.65429,0.466087,0.661575,0.058822,5
-1.273111,0.888451,-0.660879,0.586657,1.291537,6
-1.273111,0.888451,-0.660879,0.586657,1.291537,6
0.593858,-0.621465,0.715907,-0.312358,-0.036002,4
-0.820513,-0.096277,-1.69902,0.586657,2.334603,7
-0.367914,-1.113829,-1.315963,-0.761866,0.91224,5
-1.103387,-0.65429,-0.849632,0.886329,1.860482,7
-0.537638,0.231966,0.954624,-0.012686,-0.415299,7
-0.141615,0.002196,1.121171,-0.312358,-0.699772,7
-1.273111,-0.687114,-0.910699,-0.012686,1.576009,7
-0.481064,-0.818411,-0.533193,1.111083,0.627767,7
-0.481064,-0.687114,0.460536,2.609443,1.481185,7
-1.386261,-1.081005,-1.410339,-0.162522,1.860482,7
-2.291458,-0.785587,-0.610915,0.886329,1.386361,7
-2.291458,-0.785587,-0.610915,0.886329,1.386361,7
-2.291458,-0.785587,-0.610915,0.886329,1.386361,7
-1.386261,-1.081005,-1.410339,-0.162522,1.860482,7
-1.216536,-1.146654,-0.69974,0.286985,0.722591,7
-1.046812,-1.179478,-1.132761,0.361903,1.576009,7
-0.537638,-1.113829,-0.688637,-0.761866,1.670834,6
-1.782285,-0.719938,-0.077966,0.212067,-0.036002,5
-0.933662,-1.146654,-0.52209,-0.162522,0.817416,6
-0.877087,0.199142,-0.27227,-0.462194,0.627767,6
0.254409,-0.293223,-0.794116,0.511739,0.817416,7
0.367559,-0.42452,0.40502,-0.23744,-0.415299,5
-0.311339,-0.227574,-0.799668,1.560591,0.627767,6
0.197835,-0.88406,-0.388853,-0.162522,-1.079069,5
0.254409,-0.949708,-0.044656,0.361903,-0.88942,5
-1.442836,-0.588641,-0.644224,0.361903,0.722591,6
-0.311339,-0.227574,-0.799668,1.560591,0.627767,6
-1.046812,0.100669,-0.599812,1.635509,0.532943,6
-0.820513,-1.146654,-0.322234,-0.462194,1.386361,7
0.763583,2.234247,0.393917,-1.211374,-1.173893,5
-0.707363,0.03502,-1.288205,-0.312358,1.670834,6
0.197835,-0.752762,0.038617,-0.23744,-0.225651,5
-1.499411,-1.146654,0.343953,1.710427,0.438119,6
-1.499411,-1.146654,0.343953,1.710427,0.438119,6
-0.820513,-1.048181,-0.105723,0.062232,1.101888,7
-1.046812,-1.081005,-0.316682,-0.087604,0.24847,5
-0.650788,0.888451,0.210715,-0.911702,-0.984245,5
-0.650788,0.888451,0.210715,-0.911702,-0.984245,5
0.367559,2.431192,0.771423,-1.061538,-1.268717,5
-0.707363,-0.522993,-1.365927,-1.136456,0.817416,7
-0.424489,-1.277951,0.1552,-0.087604,-0.036002,5
-0.141615,-0.916884,0.621531,0.511739,0.058822,6
1.89508,-0.555817,0.277334,-0.162522,-0.415299,5
-0.028465,0.822803,-1.354824,1.335837,2.334603,6
-0.141615,-0.916884,0.621531,0.511739,0.058822,6
-0.424489,-1.277951,0.1552,-0.087604,-0.036002,5
0.310984,-1.113829,-0.555399,-0.462194,0.817416,6
-1.046812,-1.245127,-1.066143,-0.686948,0.91224,7
-0.933662,0.822803,0.171855,-1.061538,-0.984245,5
-0.763938,-0.588641,-0.366646,-1.136456,-0.984245,5
-1.301399,-0.785587,-0.588709,-0.98662,0.438119,6
-0.763938,-0.588641,-0.366646,-1.136456,-0.984245,5
-1.046812,0.757154,0.177406,-1.211374,-0.984245,5
-0.707363,0.067844,-0.599812,-1.211374,-0.984245,6
-1.046812,0.757154,0.177406,-1.211374,-0.984245,5
-0.990237,1.41364,1.420955,-1.585964,-0.984245,5
0.424134,-0.129101,0.194061,-0.162522,-0.320475,6
0.763583,-1.113829,-1.576886,-0.087604,2.239779,7
0.763583,-1.113829,-1.576886,-0.087604,2.239779,7
1.78193,-1.146654,-0.599812,-1.211374,-1.268717,6
0.933307,-1.081005,-2.776022,-0.836784,2.334603,6
-0.537638,-1.081005,-0.927354,0.586657,1.007064,7
-0.990237,0.067844,0.077478,1.335837,0.153646,7
-1.329686,-0.588641,-0.810771,1.485673,1.196712,7
-0.933662,-1.212302,-2.120939,-0.686948,2.239779,7
-0.537638,0.002196,-0.327786,-0.761866,-0.130827,5
-0.933662,-1.212302,-2.120939,-0.686948,2.239779,7
-1.329686,-0.588641,-0.810771,1.485673,1.196712,7
-1.273111,-0.65429,-0.810771,1.485673,1.196712,7
-0.990237,-0.687114,-0.62757,0.436821,1.481185,7
-0.141615,0.330439,0.33285,0.286985,0.438119,5
-1.386261,-1.081005,-1.710123,-0.686948,1.765658,7
-1.159962,-0.851235,-0.510987,-0.686948,-0.036002,6
2.715415,-0.42452,-0.322234,-1.211374,-0.415299,5
1.046457,-0.457344,-0.150136,-0.462194,-0.415299,6
0.310984,-1.245127,-1.154968,-0.462194,0.722591,6
-0.763938,-0.588641,-0.355543,1.485673,0.91224,6
-0.820513,-0.555817,-0.977318,0.811411,2.05013,7
-1.952009,2.10295,-3.636514,-1.511046,2.144955,6
-1.952009,2.10295,-3.636514,-1.511046,2.144955,6
-0.141615,-0.719938,-0.144584,-0.23744,-0.036002,5
-0.933662,-1.212302,-0.111275,-0.836784,1.386361,6
-0.933662,-1.212302,-0.111275,-0.836784,1.386361,6
-0.08504,-1.179478,-0.433265,-0.761866,0.058822,5
-1.159962,-1.179478,-0.866287,-0.686948,1.765658,6
0.310984,-0.88406,-0.52209,-0.61203,0.058822,7
1.725355,-0.063453,0.888005,-0.312358,-0.036002,6
-1.216536,-0.293223,-1.654608,-0.61203,2.05013,6
1.527343,0.231966,-1.576886,-0.911702,1.101888,5
-1.046812,0.757154,-0.422162,-0.761866,-0.320475,6
0.310984,-0.88406,-0.52209,-0.61203,0.058822,7
0.367559,-1.015357,-0.966215,-0.686948,1.007064,7
0.14126,-0.982532,-0.821874,-0.462194,0.532943,7
1.66878,-1.015357,1.065655,-0.836784,-0.794596,5
0.254409,-0.588641,-0.388853,-0.387276,-0.036002,6
1.244469,0.100669,0.427226,-1.286292,-0.699772,6
-0.877087,-0.916884,0.116339,0.062232,0.153646,7
-1.216536,-0.326047,-1.69902,-0.387276,1.955306,7
2.177954,0.363263,0.055272,-0.61203,-1.173893,5
-0.141615,-0.19475,0.166303,1.410755,0.627767,6
2.489116,-0.42452,0.521603,0.212067,-0.225651,5
-0.198189,-0.621465,-0.638673,-0.012686,-0.604948,6
-0.141615,-0.19475,0.166303,1.410755,0.627767,6
-0.763938,0.26479,-2.043217,-0.162522,1.670834,6
-0.481064,-0.227574,-1.243793,-0.462194,0.91224,6
1.442481,0.002196,-0.277822,-0.162522,0.24847,6
-0.537638,0.199142,-0.155687,-0.012686,-0.036002,5
-0.198189,-1.015357,0.221819,1.036165,0.438119,6
-0.141615,-0.916884,0.232922,0.961247,0.343295,6
-0.537638,0.199142,-0.155687,-0.012686,-0.036002,5
0.452421,-0.65429,-2.243073,-0.686948,2.334603,5
-1.103387,-0.818411,-1.310411,0.961247,2.144955,7
0.650433,1.052573,0.471639,-0.162522,-1.268717,6
0.650433,1.052573,0.471639,-0.162522,-1.268717,6
-0.254764,-1.146654,-0.422162,-0.387276,1.576009,7
-0.594213,1.479288,0.677046,-0.537112,-1.268717,5
0.02811,0.231966,0.266231,0.886329,1.101888,7
-0.254764,-1.146654,-0.422162,-0.387276,1.576009,7
-1.669135,-1.212302,0.821387,0.436821,-0.510123,6
-0.707363,-0.949708,-1.110555,0.361903,1.955306,8
-0.820513,-0.982532,-0.566503,-0.012686,0.91224,6
-1.329686,-0.916884,-0.538745,-0.087604,1.291537,6
1.216182,-1.146654,-1.354824,-0.537112,1.291537,6
0.480709,-0.818411,-0.177894,-0.312358,-0.225651,6
-0.028465,-0.621465,-1.687917,0.586657,1.955306,7
-1.216536,-1.146654,-0.499884,1.410755,0.438119,7
-1.216536,-1.146654,-0.499884,1.410755,0.438119,7
0.537284,0.231966,0.210715,-0.162522,0.343295,5
-1.103387,-0.260398,-0.910699,1.860263,0.627767,7
-0.990237,0.986924,0.099684,-0.462194,-0.88942,6
0.537284,-0.260398,0.321747,-0.462194,0.24847,6
-1.555986,0.72433,0.593773,1.635509,-0.225651,7
-1.159962,-1.212302,-0.710843,0.661575,0.91224,6
-1.442836,-1.212302,-1.060591,-0.98662,1.291537,6
-0.820513,0.822803,0.127442,-0.387276,-0.88942,6
-0.594213,0.461736,-0.250064,0.961247,1.481185,6
-0.820513,0.822803,0.127442,-0.387276,-0.88942,6
-0.254764,0.625857,-0.738601,-1.136456,-0.794596,5
-1.046812,-1.179478,0.421675,0.137149,1.101888,7
-1.895435,-0.490168,-1.454752,0.361903,0.722591,6
-0.650788,-0.129101,0.40502,0.886329,-0.510123,7
-0.650788,-0.129101,0.40502,0.886329,-0.510123,7
-1.499411,0.9541,-1.171622,-0.087604,1.291537,8
-1.046812,-0.851235,-0.644224,-0.312358,0.91224,6
0.084685,-0.949708,-1.016179,-0.387276,1.007064,6
-1.216536,-0.457344,-0.261167,1.635509,1.481185,7
-0.707363,-0.818411,0.610428,-1.061538,0.058822,5
-0.028465,-0.88406,0.021963,-0.911702,-0.984245,5
-0.028465,-0.88406,0.021963,-0.911702,-0.984245,5
-1.046812,-0.293223,-1.499164,1.036165,1.860482,6
-0.198189,-0.65429,-1.52137,-0.087604,1.481185,6
-0.254764,-0.490168,-1.443649,-0.761866,0.722591,6
-0.198189,-0.65429,-1.52137,-0.087604,1.481185,6
-0.254764,-0.65429,-1.676814,0.137149,1.860482,6
0.254409,0.133493,-1.599092,-0.312358,2.239779,5
-1.669135,-0.916884,-1.587989,-0.761866,1.765658,6
-1.273111,-0.687114,-0.77191,1.560591,1.196712,7
1.442481,-1.048181,1.071207,-1.136456,-0.88942,5
0.02811,-1.015357,-0.383301,-0.012686,-0.415299,6
-0.594213,0.330439,-1.060591,-0.012686,1.765658,7
-1.103387,-0.326047,-1.476958,0.511739,0.532943,6
-1.61256,-1.146654,0.199612,-0.387276,-0.88942,6
-0.707363,1.151046,-3.564343,0.137149,2.998373,6
0.933307,-0.785587,-0.499884,-0.312358,0.817416,6
0.933307,-0.785587,-0.499884,-0.312358,0.817416,6
0.933307,-0.785587,-0.499884,-0.312358,0.817416,6
-0.763938,-0.687114,-2.276382,-0.836784,2.7139,6
0.763583,-0.982532,-2.254176,-0.462194,2.334603,5
0.084685,-0.916884,-2.370759,0.586657,2.524251,8
-0.141615,-0.555817,-1.721226,-0.686948,1.765658,6
-0.311339,-0.391695,-2.454032,-1.211374,1.765658,6
-0.707363,-0.522993,0.066375,0.062232,0.722591,6
0.310984,-1.048181,-0.583157,-0.162522,1.007064,4
-1.61256,-0.588641,-1.488061,-0.387276,0.817416,7
-1.329686,-1.113829,-2.842641,-0.761866,2.903548,6
1.329331,0.231966,-1.571334,-0.312358,1.007064,6
-0.537638,1.446464,0.987933,0.286985,-0.415299,5
-0.537638,0.822803,0.754768,0.361903,0.058822,6
0.424134,-1.146654,0.599324,-0.087604,-0.036002,6
-1.895435,2.956381,-1.782294,-1.511046,-0.88942,5
-0.933662,-0.227574,-1.843361,1.785345,2.998373,7
-1.386261,-0.982532,-0.766359,0.736493,1.291537,7
-1.555986,0.166317,-1.121658,-0.312358,1.386361,6
-0.028465,-1.048181,0.621531,0.886329,0.91224,6
-0.028465,-1.048181,0.621531,0.886329,0.91224,6
-0.650788,1.610585,0.688149,-0.462194,-1.268717,5
-0.08504,1.347991,0.566015,-0.012686,-0.88942,6
-0.707363,1.118221,0.1552,0.062232,-0.88942,6
-0.820513,0.855627,-0.211203,1.560591,0.532943,6
-0.424489,-1.081005,-1.710123,0.062232,0.91224,6
-1.72571,-0.818411,0.055272,1.335837,-0.415299,6
-1.159962,0.822803,-0.411059,-0.162522,-0.320475,5
-1.83886,0.199142,0.055272,1.260919,-0.036002,6
-0.763938,-0.785587,-0.755255,0.137149,1.101888,6
-0.990237,-1.113829,-0.427714,-0.911702,1.481185,6
-1.103387,-1.081005,-1.049488,0.886329,2.239779,7
0.310984,0.822803,-1.721226,0.062232,1.955306,6
0.424134,-0.227574,-0.255615,-0.836784,-0.604948,5
-0.594213,-0.227574,-0.222306,0.137149,0.627767,6
0.310984,0.593033,-0.655327,0.286985,0.91224,6
0.424134,-0.227574,-0.255615,-0.836784,-0.604948,5
-1.952009,1.41364,-0.766359,0.886329,1.291537,7
-0.08504,1.840355,-2.343001,1.710427,2.334603,7
-0.650788,0.297614,-0.499884,3.883048,0.153646,6
-0.650788,-0.260398,0.366159,0.212067,0.343295,5
-0.933662,-0.818411,0.077478,0.586657,0.627767,7
-0.424489,-0.785587,-0.616467,0.811411,-0.225651,6
-1.159962,-0.851235,-1.265999,0.511739,1.291537,7
1.470768,-0.785587,0.166303,0.212067,-0.415299,5
1.470768,-0.785587,0.166303,0.212067,-0.415299,5
0.084685,0.49456,0.260679,2.534525,-0.225651,5
-1.103387,0.100669,-0.744152,1.785345,1.860482,7
-1.046812,-0.030628,-1.543577,-0.61203,1.481185,6
-0.141615,-1.015357,-0.888493,-0.162522,1.007064,6
-0.933662,-1.081005,0.027514,0.212067,0.058822,6
0.367559,-0.030628,-0.777462,0.286985,0.343295,6
-0.594213,-0.949708,-0.072414,0.736493,1.765658,6
-0.933662,0.658681,0.29954,-0.162522,-0.88942,6
-0.933662,0.658681,0.29954,-0.162522,-0.88942,6
0.480709,0.461736,-0.671982,0.436821,1.007064,6
0.763583,-1.113829,-1.909979,0.137149,2.144955,7
2.206241,1.085397,-1.754536,0.661575,0.91224,5
-0.990237,0.067844,-0.349992,1.260919,0.532943,6
-0.990237,0.067844,-0.349992,1.260919,0.532943,6
-0.763938,-1.113829,-1.02173,-1.36121,0.91224,5
-0.707363,0.297614,0.5105,1.635509,0.058822,6
0.763583,0.527384,-0.499884,-0.312358,-1.079069,5
0.650433,2.431192,-0.688637,0.436821,0.438119,5
-0.537638,-0.19475,-1.754536,-1.36121,1.386361,6
-0.537638,-0.19475,-1.754536,-1.36121,1.386361,6
0.650433,2.431192,-0.688637,0.436821,0.438119,5
2.432541,-0.851235,-0.255615,-1.511046,-0.794596,4
-0.707363,-0.818411,-0.055759,-0.537112,1.955306,6
-1.555986,-0.129101,-1.238241,1.186001,1.860482,7
1.244469,0.625857,-0.411059,-0.387276,-0.88942,6
-0.537638,0.363263,-0.161239,-0.312358,-0.88942,6
0.310984,1.610585,0.132994,-0.462194,-0.88942,6
0.254409,-1.179478,-1.132761,-0.761866,-0.604948,6
-1.499411,1.052573,-0.84408,1.111083,0.438119,6
0.310984,1.610585,0.132994,-0.462194,-0.88942,6
0.254409,-1.179478,-1.132761,-0.761866,-0.604948,6
-1.046812,-1.146654,-1.349272,-0.761866,0.722591,7
-0.594213,-1.081005,-0.810771,0.361903,1.196712,8
-0.933662,-0.030628,-0.710843,1.560591,0.532943,7
-0.933662,-0.030628,-0.710843,1.560591,0.532943,7
-0.933662,-0.030628,-0.710843,1.560591,0.532943,7
1.103032,0.231966,0.499396,2.234853,-0.415299,5
-0.933662,-0.030628,-0.710843,1.560591,0.532943,7
-0.763938,-0.687114,-1.299308,1.710427,0.722591,7
0.707008,-0.982532,-0.910699,-0.162522,-0.036002,6
-0.481064,0.26479,-0.510987,-0.162522,-1.079069,5
0.707008,-0.982532,-0.910699,-0.162522,-0.036002,6
-0.820513,-1.048181,-0.016898,0.811411,0.058822,6
-1.103387,-1.179478,-0.188997,-1.211374,-0.036002,6
-1.442836,-0.522993,-0.966215,-0.61203,0.817416,6
0.254409,1.118221,0.08303,0.361903,-0.88942,6
-1.046812,0.9541,-1.410339,1.260919,1.481185,6
-0.707363,-0.687114,-0.34444,0.361903,0.153646,6
-0.763938,0.166317,-1.02173,1.410755,0.438119,6
-1.159962,-0.030628,0.399468,0.961247,1.007064,6
-1.159962,-0.030628,0.399468,0.961247,1.007064,6
0.02811,1.446464,0.088581,-1.36121,-0.794596,6
-0.933662,-0.719938,-0.133481,0.886329,1.481185,6
-0.763938,-0.818411,1.432058,1.335837,-0.130827,6
-0.367914,1.052573,1.443161,-0.98662,-0.984245,5
0.310984,0.03502,-0.388853,-1.286292,-1.173893,5
0.310984,-0.785587,0.593773,0.586657,-0.794596,5
-0.594213,1.41364,-2.80378,0.661575,2.998373,7
-0.537638,0.691506,0.310643,-0.012686,-0.88942,5
-1.952009,0.428912,-1.066143,1.036165,1.291537,6
1.640493,1.479288,-0.227858,-0.162522,0.343295,5
-0.537638,0.691506,0.310643,-0.012686,-0.88942,5
-1.669135,-0.293223,-0.266718,-1.136456,-1.079069,4
1.272756,-0.88406,-2.331898,-1.810718,2.239779,6
0.14126,-0.916884,-0.016898,-0.012686,-0.984245,6
1.272756,-0.88406,-2.331898,-1.810718,2.239779,6
1.159607,-0.687114,0.754768,-1.36121,-0.794596,4
0.820158,-0.818411,-0.966215,-0.61203,1.291537,4
0.480709,0.49456,-0.932905,-1.810718,-1.079069,5
-0.877087,0.658681,0.371711,-0.387276,-0.604948,5
-0.707363,-0.161925,-1.37703,-0.312358,1.670834,6
0.197835,1.347991,0.932418,-0.162522,-0.88942,5
0.14126,-0.358871,-0.039105,0.286985,0.058822,5
1.216182,0.100669,-0.888493,-1.211374,-0.415299,5
0.14126,-0.358871,-0.039105,0.286985,0.058822,5
-0.650788,-0.293223,-0.955112,0.811411,0.627767,6
0.424134,-0.260398,-0.821874,-0.23744,0.438119,6
0.424134,-0.260398,-0.821874,-0.23744,0.438119,6
0.310984,0.49456,-0.177894,-0.387276,-0.604948,5
1.103032,-1.015357,-0.194548,-0.462194,-0.604948,5
0.763583,-1.048181,-0.516539,-0.462194,-0.88942,5
0.989882,-0.326047,-0.188997,0.361903,0.438119,5
0.650433,0.03502,-1.687917,-1.436128,0.532943,5
0.367559,0.49456,-0.905148,-1.660882,-1.173893,5
0.650433,-0.391695,-0.688637,-0.087604,0.817416,6
0.650433,-0.391695,-0.688637,-0.087604,0.817416,6
2.800277,-0.687114,-1.249344,-0.686948,0.722591,4
-0.424489,0.691506,0.355056,-0.462194,-0.604948,5
1.442481,-0.621465,0.65484,-1.36121,-0.794596,4
-0.877087,0.199142,-1.143865,0.586657,1.291537,6
0.254409,-0.293223,-0.544296,-0.312358,-0.130827,6
0.254409,-0.293223,-0.544296,-0.312358,-0.130827,6
-0.537638,-0.851235,-0.34444,1.710427,0.91224,6
-0.650788,0.199142,0.033066,-0.686948,-0.88942,6
-0.198189,1.380816,-3.23125,1.335837,3.377669,8
-0.820513,0.49456,-3.209044,0.811411,3.377669,6
-0.481064,0.625857,-1.73233,-0.537112,1.196712,6
-0.367914,-0.030628,-1.538025,-0.836784,0.722591,5
0.310984,-0.030628,-0.932905,-1.585964,-1.079069,5
0.310984,-0.293223,-1.232689,-0.836784,0.722591,6
1.074745,1.18387,0.144097,-0.761866,-0.88942,6
0.933307,-1.146654,-0.144584,-0.312358,-0.699772,6
1.074745,1.18387,0.144097,-0.761866,-0.88942,6
-1.273111,-1.179478,-1.010627,-0.537112,1.007064,7
-0.367914,0.297614,-0.566503,-0.012686,-0.036002,6
-0.367914,0.297614,-0.566503,-0.012686,-0.036002,6
1.357619,-0.752762,-0.238961,0.286985,0.438119,6
0.593858,0.789979,0.399468,-0.087604,-0.225651,6
-0.594213,-0.293223,-1.032833,-0.61203,0.438119,5
-0.877087,0.067844,0.399468,-0.537112,0.058822,5
-2.065159,-0.457344,-1.854464,-0.761866,1.860482,6
0.424134,-1.245127,-2.087629,-2.035472,2.429427,5
0.424134,2.135774,1.398749,3.957966,-0.225651,5
0.424134,2.135774,1.398749,3.957966,-0.225651,5
1.216182,-1.081005,-0.783013,-0.387276,0.532943,5
0.622146,0.49456,-0.133481,0.811411,0.438119,6
-0.73565,-0.555817,-1.665711,0.212067,1.860482,6
1.301044,-1.081005,0.055272,-1.136456,-0.699772,4
0.622146,0.49456,-0.133481,0.811411,0.438119,6
0.593858,1.068985,-0.577606,-1.436128,-0.88942,5
0.593858,1.068985,-0.577606,-1.436128,-0.88942,5
0.02811,-0.522993,-1.882222,-0.23744,1.576009,6
0.424134,-0.88406,-2.615027,-0.61203,1.670834,6
0.678721,-0.555817,-1.210483,-0.23744,1.955306,6
1.89508,0.396087,-0.355543,0.736493,1.196712,6
-0.877087,-0.982532,-0.477678,1.186001,0.722591,6
-1.386261,0.757154,-0.894044,0.137149,0.722591,5
1.499056,0.757154,-0.622018,-1.511046,-1.173893,5
0.480709,1.41364,-0.277822,-0.836784,-0.604948,5
0.933307,1.512113,0.710356,-0.162522,-0.320475,5
0.876733,-0.522993,-0.766359,-0.911702,0.627767,4
0.933307,1.512113,0.710356,-0.162522,-0.320475,5
0.537284,0.593033,-0.34444,-0.23744,-1.173893,5
0.480709,1.41364,-0.277822,-0.836784,-0.604948,5
-0.08504,-0.588641,-2.065423,-0.387276,2.239779,6
3.705475,-0.129101,-0.721946,-1.286292,0.058822,5
-0.933662,0.658681,-0.577606,-0.761866,-0.320475,6
-0.933662,0.789979,-0.588709,-0.836784,-0.320475,6
0.593858,1.512113,-0.255615,-0.462194,-0.604948,6
-0.481064,-0.129101,-0.133481,0.361903,1.386361,6
0.593858,1.512113,-0.255615,-0.462194,-0.604948,6
0.763583,1.41364,0.743665,0.137149,-0.320475,5
-1.046812,-0.88406,-1.499164,-0.686948,0.91224,5
-0.933662,0.330439,-0.927354,1.335837,0.532943,7
-0.367914,-0.358871,-1.010627,-0.312358,0.153646,6
-0.367914,-0.358871,-1.010627,-0.312358,0.153646,6
-0.367914,-0.358871,-1.010627,-0.312358,0.153646,6
-0.367914,-0.358871,-1.010627,-0.312358,0.153646,6
-0.028465,-0.227574,-0.622018,-0.911702,-1.079069,5
0.424134,1.512113,-0.255615,-0.61203,-0.604948,6
0.424134,1.512113,-0.255615,-0.61203,-0.604948,6
1.951655,0.72433,0.033066,-1.36121,-1.173893,5
-0.763938,-0.65429,-0.44992,-1.585964,-0.699772,6
1.414194,0.100669,0.543809,-0.98662,-0.794596,5
0.310984,-0.161925,-1.526922,0.137149,2.05013,6
-0.141615,-0.621465,-1.188277,-1.436128,-0.88942,5
-0.141615,-0.621465,-1.188277,-1.436128,-0.88942,5
-0.141615,-0.621465,-1.188277,-1.436128,-0.88942,5
-0.08504,-0.457344,-0.688637,-0.761866,0.058822,6
-0.08504,-0.457344,-0.688637,-0.761866,0.058822,6
-0.08504,-0.457344,-0.688637,-0.761866,0.058822,6
0.084685,-0.457344,-0.405507,-0.98662,-0.036002,6
-0.08504,-0.457344,-0.688637,-0.761866,0.058822,6
-0.594213,-0.818411,1.054552,-0.836784,0.532943,5
-0.481064,-0.555817,-0.27227,-0.836784,-0.225651,6
0.367559,-1.048181,-1.05504,-0.61203,0.91224,5
0.735296,-1.081005,-0.416611,-1.885636,-0.88942,5
0.735296,-1.081005,-0.416611,-1.885636,-0.88942,5
0.254409,-0.129101,-0.799668,-0.911702,0.343295,5
0.424134,0.921276,-0.044656,-0.537112,-0.415299,5
0.537284,0.03502,-1.832258,-0.98662,1.291537,6
0.678721,0.396087,0.1552,-1.36121,-0.130827,5
0.678721,0.396087,0.1552,-1.36121,-0.130827,5
0.310984,-0.555817,-0.52209,-0.911702,-0.415299,5
-1.159962,-0.42452,-1.099452,-1.511046,-0.320475,5
-1.046812,-0.555817,-1.099452,-1.511046,-0.320475,5
-0.537638,0.72433,-0.077966,-0.387276,0.627767,6
-0.283052,-0.555817,0.232922,0.062232,-0.383691,6
0.084685,-0.227574,0.205164,-0.61203,0.438119,5
1.838505,0.297614,0.343953,-0.761866,-0.320475,5
-0.283052,-0.555817,0.232922,0.062232,-0.383691,6
1.725355,0.593033,-0.055759,-1.211374,-0.604948,4
0.452421,-0.457344,-0.899596,-0.836784,1.291537,6
-0.141615,-0.096277,0.266231,-0.162522,-0.88942,5
1.216182,0.002196,-0.477678,-1.061538,-0.604948,5
0.084685,1.971652,0.349504,4.032884,0.058822,6
1.385906,0.9541,-0.033553,-1.061538,-0.604948,6
0.480709,-1.212302,-1.476958,-2.035472,-0.036002,4
1.272756,1.446464,0.010859,-1.436128,-1.079069,5
0.197835,1.807531,-0.422162,-0.911702,-0.510123,5
2.036517,-0.457344,-1.121658,-1.36121,-0.415299,5
-0.198189,0.9541,-0.733049,-0.162522,1.670834,6
-0.424489,-0.555817,-0.294476,-0.98662,-0.510123,6
0.254409,-0.326047,-0.583157,-0.162522,0.343295,6
0.254409,-0.326047,-0.583157,-0.162522,0.343295,6
1.725355,-0.65429,-0.710843,-1.436128,-0.794596,5
0.424134,1.971652,-0.27227,-1.136456,-0.510123,5
0.424134,1.971652,-0.27227,-1.136456,-0.510123,5
1.301044,1.282343,-0.383301,-1.061538,-0.88942,5
1.612206,1.315167,0.033066,-1.660882,-1.173893,5
0.650433,-0.719938,-0.288925,-0.462194,-0.794596,5
0.650433,-0.719938,-0.288925,-0.462194,-0.794596,5
-0.254764,2.168598,-0.766359,-0.836784,-0.699772,5
-0.198189,-0.391695,-2.05432,-0.387276,1.955306,6
0.650433,-0.391695,-0.277822,-0.462194,0.532943,5
0.537284,-1.081005,-1.343721,-1.211374,-0.604948,5
-0.028465,0.461736,-0.277822,-1.211374,-0.225651,5
0.254409,0.921276,0.038617,-1.211374,-1.173893,5
0.90502,-1.081005,0.460536,0.062232,-0.842008,6
0.848445,-1.113829,0.460536,0.062232,-0.842008,5
0.367559,1.938828,-0.433265,-0.911702,-0.510123,5
0.424134,-0.555817,-0.011347,-0.162522,-0.225651,7
0.820158,-0.687114,-0.566503,0.586657,0.627767,6
0.933307,3.153326,-0.233409,-0.98662,-0.510123,5
0.933307,3.153326,-0.233409,-0.98662,-0.510123,5
-1.273111,-0.687114,-0.177894,1.335837,1.386361,6
-1.103387,-1.048181,-0.34444,3.433541,-0.415299,8
-0.141615,0.03502,1.043449,-0.162522,0.24847,6
-1.386261,-0.358871,-0.788565,1.935181,0.817416,7
-0.08504,0.297614,-0.899596,2.159935,0.24847,6
-1.329686,0.26479,-0.899596,2.759279,1.860482,7
-0.08504,0.297614,-0.899596,2.159935,0.24847,6
2.460828,-0.949708,-1.676814,-1.511046,1.386361,6
-0.311339,-0.851235,-0.177894,0.661575,0.153646,6
0.254409,1.446464,-0.177894,1.935181,-0.320475,5
-1.159962,-0.982532,1.543089,1.036165,-0.794596,5
0.310984,-0.88406,-0.011347,1.485673,-0.984245,5
-1.159962,-0.982532,1.543089,1.036165,-0.794596,5
-1.046812,-0.260398,-0.788565,0.961247,1.576009,7
0.02811,-0.851235,-0.899596,-1.36121,-0.604948,5
0.650433,2.890732,-0.566503,-1.436128,-0.510123,5
0.02811,-0.851235,-0.899596,-1.36121,-0.604948,5
-0.707363,0.428912,-0.066862,-0.462194,-0.984245,5
0.084685,0.330439,-0.566503,1.485673,0.91224,6
0.02811,-0.457344,0.099684,0.212067,0.532943,4
-1.499411,-0.719938,0.432778,0.436821,-0.794596,6
-1.499411,-0.719938,0.432778,0.436821,-0.794596,6
-1.669135,0.49456,0.266231,0.511739,1.576009,6
-0.650788,-0.719938,-0.510987,-0.462194,0.722591,5
0.650433,0.330439,-0.233409,-0.087604,0.532943,5
-1.952009,0.72433,-0.34444,2.159935,0.817416,5
-0.650788,0.067844,-0.566503,-0.162522,-0.036002,5
-0.537638,0.9541,-0.455471,-0.761866,-0.510123,6
-0.481064,-1.113829,-1.232689,1.560591,1.196712,6
-0.707363,-0.65429,-0.622018,0.736493,-0.320475,7
0.367559,-1.212302,-0.34444,-1.286292,-0.130827,5
0.820158,1.544937,-0.533193,0.286985,0.596159,6
-0.877087,-0.555817,-1.066143,0.661575,0.817416,7
0.593858,-0.490168,0.277334,0.811411,-0.604948,5
0.310984,-0.752762,-1.887773,-1.136456,1.196712,5
0.820158,1.544937,-0.533193,0.286985,0.627767,6
0.593858,-0.490168,0.277334,0.811411,-0.604948,5
0.820158,-0.19475,0.216267,0.736493,-0.699772,5
0.310984,0.297614,0.116339,0.661575,-0.699772,5
-0.820513,-0.522993,-1.05504,0.886329,0.817416,8
-0.877087,-0.555817,-1.066143,0.661575,0.817416,7
-1.159962,-0.916884,0.388365,1.036165,0.532943,7
0.310984,0.26479,-1.599092,0.886329,1.101888,7
-0.198189,1.315167,0.244025,-0.462194,-1.363541,5
-0.424489,-0.719938,1.731842,0.361903,0.438119,6
2.121379,-0.916884,-1.082797,-0.087604,0.438119,6
0.084685,1.446464,-2.365207,-1.061538,0.106234,6
-0.198189,1.315167,0.244025,-0.462194,-1.363541,5
-1.329686,-0.818411,-0.327786,-0.312358,0.058822,5
-1.83886,-0.982532,-1.132761,1.186001,1.386361,7
-0.594213,0.625857,0.343953,0.286985,-0.036002,6
1.470768,-1.048181,0.010859,-0.23744,-0.415299,4
0.650433,-0.457344,-0.649776,-0.462194,-0.036002,6
0.593858,-0.19475,-0.777462,-0.836784,0.343295,6
0.367559,0.26479,-0.455471,0.212067,-0.699772,5
0.367559,0.26479,-0.455471,0.212067,-0.699772,5
-0.254764,0.297614,0.366159,0.062232,-0.415299,7
2.913427,-0.42452,-0.077966,-0.537112,0.532943,4
-0.254764,0.297614,0.366159,0.062232,-0.415299,7
2.573978,0.133493,0.238473,-0.686948,-0.699772,3
0.933307,-0.687114,-0.466575,-1.286292,-0.699772,5
0.989882,-0.949708,-1.821154,-0.911702,2.05013,5
-0.990237,-0.030628,-0.033553,1.111083,0.627767,6
0.424134,0.002196,-1.810051,-0.761866,0.532943,5
-0.311339,1.446464,-2.664991,1.785345,2.966765,7
-0.311339,1.446464,-2.664991,1.785345,2.998373,7
-1.386261,-0.752762,0.921315,0.286985,0.153646,5
0.537284,-1.048181,-0.910699,-0.162522,-0.320475,4
-1.386261,-0.752762,0.921315,0.286985,0.153646,5
0.310984,-1.179478,0.316195,-0.537112,-0.130827,4
-1.103387,-1.081005,-0.666431,-0.23744,0.24847,5
2.177954,-1.113829,-0.388853,-0.012686,0.438119,4
0.735296,-0.65429,-0.311131,-0.686948,-0.699772,5
0.876733,-0.719938,-0.644224,-0.312358,-0.130827,5
0.650433,-0.916884,-0.921802,1.036165,0.153646,5
0.084685,-1.048181,-1.343721,-0.462194,0.91224,5
0.254409,-1.113829,-1.188277,0.886329,0.343295,6
-1.72571,-0.88406,-1.765639,-0.61203,1.860482,6
0.084685,-1.048181,-1.343721,-0.462194,0.91224,5
0.707008,-0.88406,-1.743433,-0.761866,1.433773,5
0.084685,3.350272,-0.144584,-0.387276,-0.699772,5
-1.216536,-0.555817,-1.12721,0.436821,-0.415299,7
-0.537638,-0.555817,-0.944008,1.260919,0.153646,6
0.084685,3.350272,-0.144584,-0.387276,-0.699772,5
1.216182,-0.949708,-0.855184,-0.087604,1.007064,6
2.093092,-1.048181,-0.444368,-0.462194,0.343295,6
1.216182,-0.949708,-0.855184,-0.087604,1.007064,6
1.131319,-0.982532,-0.855184,-0.836784,-0.794596,5
1.66878,0.625857,-0.111275,-0.836784,-0.984245,5
0.339272,0.49456,-0.133481,-0.761866,-0.604948,5
-0.481064,-1.015357,-0.59426,0.361903,0.532943,6
-0.820513,-1.081005,-0.316682,-0.686948,0.91224,6
1.329331,-1.081005,-0.34444,-0.087604,-0.462711,3
1.612206,-1.015357,-0.555399,0.137149,0.343295,6
-0.820513,-1.081005,-0.316682,-0.686948,0.91224,6
-1.442836,-0.65429,0.843593,0.586657,0.153646,6
-1.952009,-0.818411,-1.399236,0.436821,0.627767,5
-0.933662,0.100669,-0.005795,0.961247,-0.699772,6
0.933307,-0.588641,0.277334,0.212067,-0.604948,5
1.499056,-0.916884,-0.411059,0.062232,-0.036002,6
0.197835,0.658681,-2.043217,-0.312358,0.058822,6
1.78193,0.658681,0.999037,0.586657,-1.142285,6
1.78193,0.658681,0.999037,0.586657,-1.126481,6
-1.159962,0.428912,-0.161239,2.459607,0.153646,5
0.02811,-0.030628,-0.960663,1.410755,-0.130827,6
-0.311339,-0.818411,-0.083517,-0.087604,0.058822,5
0.989882,-0.588641,0.016411,-0.462194,-0.225651,5
0.02811,-0.030628,-0.960663,1.410755,-0.130827,6
-0.254764,-0.719938,-0.427714,-1.585964,-1.316129,4
-1.159962,0.428912,-0.161239,2.459607,0.153646,5
-0.254764,0.527384,-0.733049,-0.312358,-0.036002,5
-0.594213,0.067844,-0.777462,1.036165,-0.415299,6
-0.254764,-0.358871,-0.610915,-0.012686,-0.699772,5
-0.311339,-0.227574,-0.605363,0.062232,-0.794596,6
0.02811,-0.687114,-0.84408,0.137149,0.343295,6
-1.329686,0.461736,0.288437,0.212067,-0.320475,6
0.933307,0.231966,-0.300028,-0.312358,-0.225651,6
-0.481064,-0.88406,-1.210483,0.361903,0.817416,6
1.01817,-0.555817,-0.172342,0.137149,-0.225651,5
0.02811,-0.752762,-0.494332,0.286985,-0.510123,6
-0.763938,1.282343,0.305092,-0.23744,-1.363541,5
0.197835,-0.522993,-1.471406,-0.162522,1.196712,7
0.14126,-0.326047,-0.399956,-0.387276,-0.699772,6
0.02811,0.002196,-0.744152,0.286985,-0.130827,6
0.310984,-0.457344,-0.988421,-0.012686,-0.225651,6
0.650433,-0.621465,-0.688637,-0.087604,1.481185,5
-0.763938,0.49456,0.288437,1.036165,-0.510123,5
-0.028465,-0.42452,-0.089069,-0.087604,1.101888,6
-1.555986,0.133493,0.021963,0.886329,0.438119,7
1.866792,-0.227574,-1.05504,-0.61203,0.295882,6
-0.481064,-0.851235,0.532706,-0.537112,-0.036002,6
-0.877087,-0.851235,-0.622018,1.260919,0.722591,7
0.593858,-0.555817,-0.727498,-0.012686,-0.320475,6
0.254409,-0.621465,-0.483229,-0.23744,-0.225651,5
0.424134,-0.621465,-1.976598,-0.98662,1.576009,5
-0.707363,0.166317,0.671495,-0.462194,-0.036002,5
-0.933662,-0.687114,-1.349272,0.436821,0.91224,8
0.876733,-0.621465,0.671495,-0.836784,-0.88942,5
0.820158,-0.588641,0.588221,-0.761866,-0.984245,5
0.876733,0.297614,-0.422162,0.137149,0.817416,6
1.187894,-0.555817,0.571567,-0.312358,-0.984245,5
1.866792,-0.719938,-0.194548,-0.312358,0.532943,6
0.197835,-0.687114,-0.821874,0.286985,0.106234,7
2.008229,-0.818411,-0.144584,-0.61203,-0.510123,5
1.866792,-0.719938,-0.194548,-0.312358,0.532943,6
0.424134,2.825084,-0.222306,-0.911702,-0.510123,5
0.424134,2.825084,-0.222306,-0.911702,-0.510123,5
0.424134,2.825084,-0.222306,-0.911702,-0.510123,5
0.961595,-0.818411,-0.644224,-0.761866,-0.320475,5
0.961595,-0.818411,-0.644224,-0.761866,-0.320475,5
0.961595,-0.818411,-0.644224,-0.761866,-0.320475,5
0.820158,-0.096277,-0.960663,1.335837,0.438119,6
-2.065159,0.231966,-0.932905,0.511739,0.722591,6
0.961595,-0.818411,-0.644224,-0.761866,-0.320475,5
0.197835,-0.096277,-0.183445,-0.387276,-1.173893,5
-0.08504,-0.358871,-1.476958,-0.537112,1.007064,6
-0.820513,-0.65429,-0.821874,0.062232,0.627767,6
0.933307,1.938828,-0.16679,-0.98662,-0.88942,5
0.310984,0.166317,-1.082797,0.212067,1.955306,6
-0.028465,-0.818411,-1.043936,-0.012686,1.291537,6
-1.273111,-0.522993,-0.411059,1.036165,0.343295,6
0.820158,-0.818411,-0.677534,0.212067,0.817416,6
0.197835,-0.42452,-1.443649,-0.312358,0.817416,5
-0.990237,-0.621465,-1.066143,-0.312358,1.386361,6
0.197835,-0.42452,-1.443649,-0.312358,0.817416,5
1.074745,-0.588641,-1.665711,-1.061538,1.386361,5
-0.367914,1.741883,-0.466575,-0.162522,-0.604948,5
-1.159962,-0.358871,-0.988421,1.186001,1.101888,7
-0.763938,0.100669,-0.932905,1.485673,1.007064,6
-1.216536,0.49456,-0.944008,1.560591,0.91224,6
0.480709,-0.555817,-0.993972,0.137149,0.438119,6
0.763583,1.87318,-1.37703,1.036165,2.239779,6
0.14126,-0.326047,-1.932186,1.335837,1.101888,6
1.216182,-0.621465,-1.443649,-0.61203,1.101888,6
-0.08504,-0.161925,-0.488781,0.811411,0.532943,6
0.537284,-0.227574,-0.061311,1.335837,-0.88942,6
0.424134,-0.030628,-0.955112,-0.462194,0.058822,5
0.14126,0.199142,-0.832977,0.886329,0.722591,6
-0.08504,-0.161925,-0.488781,0.811411,0.532943,6
0.678721,-0.030628,-0.638673,0.511739,-0.225651,5
-1.216536,-0.096277,-0.62757,0.137149,0.532943,6
